Extensive Reading Foundation Graded Reader List																												
Cambridge U. Press					Level Info					Word count / Length				M-Reader		Genre & Audience			Publication Data									Further Information
ERF code	Publisher	Title ERF Language Learner Literature Awards: LLLA Winners in Red, Finalists in Blue	Author(s)	Series	Publisher level	Headwords	ERF level (E) Early (M) Mid (H) High	Common European Framework CEFR level	Yomi- yasusa level (YL) Average	Word count  (body only)	Additional material wordcount	Actual or Estimated count?	Book length (Pages)	Quiz  Avaliable? (Y)es, (N)o,  (S)oon	MReader Reading Level [RL]	Fiction (F) Nonfiction (NF)	Genre mystery, adventure, love, horror, etc.	Target age group: children, teen, adult, etc.	ISBN A (without CD/CD-ROM)	ISBN B (with CD/CD-ROM)	ISBN C (?)	ISBN D (?)	ISBN C (ebook)	Audio available free online	Copyright  Year	Year First Published	In print?	Notes on publishing history, awards, special features, etc.
CDIR1	Cambridge U. Press	Blizzards: Killer Snowstorms	Kocienda, Genevieve	Cambridge Discovery Education Interactive Readers	Beginning	400	Elementary (E)	A1		1,339 				N	2	NF		Teen/adult	9781107621640					Yes				
CDIR1	Cambridge U. Press	Catch a Wave: The Story of Surfing	Kocienda, Genevieve	Cambridge Discovery Education Interactive Readers	Beginning	400	Elementary (E)	A1		1,772 				Y	2	NF		Teen/adult	9781107651913					Yes				
CDIR1	Cambridge U. Press	Cool Jobs	Maule, David	Cambridge Discovery Education Interactive Readers	Beginning	400	Elementary (E)	A1		1,611 				Y	2	NF		Teen/adult	9781107671607					Yes				
CDIR1	Cambridge U. Press	Crocs and Gators	Beaver, Simon	Cambridge Discovery Education Interactive Readers	Beginning	400	Elementary (E)	A1		1,418 				Y	2	NF		Teen/adult	9781107655072					Yes				
CDIR1	Cambridge U. Press	Drink Up!	Holmes, Karen	Cambridge Discovery Education Interactive Readers	Beginning	400	Elementary (E)	A1		1,652 				N	2	NF		Teen/adult	9781107678545					Yes				
CDIR1	Cambridge U. Press	Eat Up!	Walker, Theo	Cambridge Discovery Education Interactive Readers	Beginning	400	Elementary (E)	A1		1,551 				Y	2	NF		Teen/adult	9781107689626					Yes				
CDIR1	Cambridge U. Press	Fantastic Creatures: Monsters, Mermaids, and Wild Men	Beaver, Simon	Cambridge Discovery Education Interactive Readers	Beginning	400	Elementary (E)	A1		1,587 				N	2	NF		Teen/adult	9781107696372					Yes				
CDIR1	Cambridge U. Press	Genius	Maule, David	Cambridge Discovery Education Interactive Readers	Beginning	400	Elementary (E)	A1		1,513 				Y	2	NF		Teen/adult	9781107678651					Yes				
CDIR1	Cambridge U. Press	It's Time (To Learn About Time)	Beaver, Simon	Cambridge Discovery Education Interactive Readers	Beginning	400	Elementary (E)	A1		1,523 				Y	2	NF		Teen/adult	9781107667068					Yes				
CDIR1	Cambridge U. Press	Jeff Corwin: Wild Man	Bourke, Kenna	Cambridge Discovery Education Interactive Readers	Beginning	400	Elementary (E)	A1		1,660 				N	2	NF		Teen/adult	9781107680395					Yes				
CDIR1	Cambridge U. Press	Light in the Night, A: The Moon	Beaver, Simon	Cambridge Discovery Education Interactive Readers	Beginning	400	Elementary (E)	A1		1,398 				N	2	NF		Teen/adult	9781107647565					Yes				
CDIR1	Cambridge U. Press	Paris: City of Light	Beaver, Simon	Cambridge Discovery Education Interactive Readers	Beginning	400	Elementary (E)	A1		1,532 				N	2	NF		Teen/adult	9781107645776					Yes				
CDIR1	Cambridge U. Press	Saved! Heroes in Everyday Life	Beaver, Simon	Cambridge Discovery Education Interactive Readers	Beginning	400	Elementary (E)	A1		1,509 				N	2	NF		Teen/adult	9781107647053					Yes				
CDIR1	Cambridge U. Press	So Cute!	Bourke, Kenna	Cambridge Discovery Education Interactive Readers	Beginning	400	Elementary (E)	A1		1,267 				Y	2	NF		Teen/adult	9781107646490					Yes				
CDIR1	Cambridge U. Press	Traffic Jams: The Road Ahead	Beaver, Simon	Cambridge Discovery Education Interactive Readers	Beginning	400	Elementary (E)	A1		1,490 				Y	2	NF		Teen/adult	9781107674684					Yes				
CDIR1	Cambridge U. Press	Wild Australia!	Beaver, Simon	Cambridge Discovery Education Interactive Readers	Beginning	400	Elementary (E)	A1		1,266 				Y	2	NF		Teen/adult	9781107621657					Yes				
CDIR2	Cambridge U. Press	Alaska: Wild and Free	Harris, Nic	Cambridge Discovery Education Interactive Readers	High Beginning	450	Elementary (M)	A1+		1,715 				Y	3	NF		Teen/adult	9781107674646					Yes				
CDIR2	Cambridge U. Press	Are You Listening? The Sense of Hearing	Maule, David	Cambridge Discovery Education Interactive Readers	High Beginning	450	Elementary (M)	A1+		1,577 				N	3	NF		Teen/adult	9781107632516					Yes				
CDIR2	Cambridge U. Press	Around Japan in Three Days	Beaver, Simon	Cambridge Discovery Education Interactive Readers	High Beginning	450	Elementary (M)	A1+		1,309 				N	3	NF		Teen/adult	9781107661332					Yes				
CDIR2	Cambridge U. Press	Deadly Animals	Bourke, Kenna	Cambridge Discovery Education Interactive Readers	High Beginning	450	Elementary (M)	A1+		1,598 				N	3	NF		Teen/adult	9781107693715					Yes				
CDIR2	Cambridge U. Press	Do Not Disturb: The Importance of Sleep	Kocienda, Genevieve	Cambridge Discovery Education Interactive Readers	High Beginning	450	Elementary (M)	A1+		1,679 				Y	3	NF		Teen/adult	9781107646827					Yes				
CDIR2	Cambridge U. Press	Fast: The Need for Speed	Kocienda, Genevieve	Cambridge Discovery Education Interactive Readers	High Beginning	450	Elementary (M)	A1+		1,797 				N	3	NF		Teen/adult	9781107680685					Yes				
CDIR2	Cambridge U. Press	Feeding Time: The Feeding Habits of Animals	Walker, Theo	Cambridge Discovery Education Interactive Readers	High Beginning	450	Elementary (M)	A1+		1,608 				N	3	NF		Teen/adult	9781107678675					Yes				
CDIR2	Cambridge U. Press	Growing Up: From Baby to Adult	Harris, Nic	Cambridge Discovery Education Interactive Readers	High Beginning	450	Elementary (M)	A1+		1,595 				N	3	NF		Teen/adult	9781107687448					Yes				
CDIR2	Cambridge U. Press	Life in Mumbai	Sargent, Brian	Cambridge Discovery Education Interactive Readers	High Beginning	450	Elementary (M)	A1+		1,394 				N	3	NF		Teen/adult	9781107621671					Yes				
CDIR2	Cambridge U. Press	Lost: The Mystery of Amelia Earhart	Bourke, Kenna	Cambridge Discovery Education Interactive Readers	High Beginning	450	Elementary (M)	A1+		1,427 				N	3	NF		Teen/adult	9781107693357					Yes				
CDIR2	Cambridge U. Press	Shoot to Kill: Why We Hunt	O'Dell, Kathryn	Cambridge Discovery Education Interactive Readers	High Beginning	450	Elementary (M)	A1+		1,698 				Y	3	NF		Teen/adult	9781107622531					Yes				
CDIR2	Cambridge U. Press	Slow Motion: Taking Your Time	Holmes, Karen	Cambridge Discovery Education Interactive Readers	High Beginning	450	Elementary (M)	A1+		1,627 				N	3	NF		Teen/adult	9781107691292					Yes				
CDIR2	Cambridge U. Press	Stealing	Maule, David	Cambridge Discovery Education Interactive Readers	High Beginning	450	Elementary (M)	A1+		1,384 				N	3	NF		Teen/adult	9781107677746					Yes				
CDIR2	Cambridge U. Press	Wonders of the World	Harris, Nic	Cambridge Discovery Education Interactive Readers	High Beginning	450	Elementary (M)	A1+		1,626 				Y	3	NF		Teen/adult	9781107642980					Yes				
CDIR2	Cambridge U. Press	Young and Amazing: Teens at the Top	Beaver, Simon	Cambridge Discovery Education Interactive Readers	High Beginning	450	Elementary (M)	A1+		1,701 				N	3	NF		Teen/adult	9781107622524					Yes				
CDIR2	Cambridge U. Press	Your Dream Vacation	Evento, Susan	Cambridge Discovery Education Interactive Readers	High Beginning	450	Elementary (M)	A1+		1,511 				Y	3	NF		Teen/adult	9781107690431					Yes				
CDIR3	Cambridge U. Press	Aliens: Is Anybody Out There?	Kocienda, Genevieve	Cambridge Discovery Education Interactive Readers	Low Intermediate	700	Elementary (H)	A2		1,934 				Y	4	NF		Teen/adult	9781107660007					Yes				
CDIR3	Cambridge U. Press	Bones: And the Stories They Tell	Naughton, Diane	Cambridge Discovery Education Interactive Readers	Low Intermediate	700	Elementary (H)	A2		2,353 				N	5	NF		Teen/adult	9781107670549					Yes				
CDIR3	Cambridge U. Press	Bright Lights on Broadway: Theaterland	O'Dell, Kathryn	Cambridge Discovery Education Interactive Readers	Low Intermediate	700	Elementary (H)	A2		2,577 				N	5	NF		Teen/adult	9781107650220					Yes				
CDIR3	Cambridge U. Press	City Experiment: Rebuilding Greensburg, Kansas, The	Walker, Theo	Cambridge Discovery Education Interactive Readers	Low Intermediate	700	Elementary (H)	A2		1,952 				N	5	NF		Teen/adult	9781107622562					Yes				
CDIR3	Cambridge U. Press	Dangerous and Dirty Jobs	Beaver, Simon	Cambridge Discovery Education Interactive Readers	Low Intermediate	700	Elementary (H)	A2		2,279 				Y	5	NF		Teen/adult	9781107645677					Yes				
CDIR3	Cambridge U. Press	Empire: Rise and Fall	Harris, Nic	Cambridge Discovery Education Interactive Readers	Low Intermediate	700	Elementary (H)	A2		1,869 				Y	4	NF		Teen/adult	9781107628441					Yes				
CDIR3	Cambridge U. Press	Greatest Invention of All Time, The	Harris, Nic	Cambridge Discovery Education Interactive Readers	Low Intermediate	700	Elementary (H)	A2		1,622 				Y	4	NF		Teen/adult	9781107621619					Yes				
CDIR3	Cambridge U. Press	How Cool is Cold!	Harris, Nic	Cambridge Discovery Education Interactive Readers	Low Intermediate	700	Elementary (H)	A2		1,956 				Y	4	NF		Teen/adult	9781107658035					Yes				
CDIR3	Cambridge U. Press	Life Online: The Digital Age	O'Dell, Kathryn	Cambridge Discovery Education Interactive Readers	Low Intermediate	700	Elementary (H)	A2		2,344 				N	5	NF		Teen/adult	9781107650695					Yes				
CDIR3	Cambridge U. Press	Madagascar	Kocienda, Genevieve	Cambridge Discovery Education Interactive Readers	Low Intermediate	700	Elementary (H)	A2		1,796 				Y	4	NF		Teen/adult	9781107629400					Yes				
CDIR3	Cambridge U. Press	Magic of Music, The	Kocienda, Genevieve	Cambridge Discovery Education Interactive Readers	Low Intermediate	700	Elementary (H)	A2		2,088 				Y	4	NF		Teen/adult	9781107665583					Yes				
CDIR3	Cambridge U. Press	Medicine: Old and New	Harris, Nic	Cambridge Discovery Education Interactive Readers	Low Intermediate	700	Elementary (H)	A2		2,011 				Y	4	NF		Teen/adult	9781107658660					Yes				
CDIR3	Cambridge U. Press	Mummies and Myths	O'Dell, Kathryn	Cambridge Discovery Education Interactive Readers	Low Intermediate	700	Elementary (H)	A2		2,387 				Y	5	NF		Teen/adult	9781107688308					Yes				
CDIR3	Cambridge U. Press	On the Move: The Lives of Nomads	Kocienda, Genevieve	Cambridge Discovery Education Interactive Readers	Low Intermediate	700	Elementary (H)	A2		2,688 				N	5	NF		Teen/adult	9781107632936					Yes				
CDIR3	Cambridge U. Press	Only in America	Kocienda, Genevieve	Cambridge Discovery Education Interactive Readers	Low Intermediate	700	Elementary (H)	A2		2,381 				N	5	NF		Teen/adult	9781107637009					Yes				
CDIR3	Cambridge U. Press	Science of Darkness, The	O'Dell, Kathryn	Cambridge Discovery Education Interactive Readers	Low Intermediate	700	Elementary (H)	A2		2,425 				Y	5	NF		Teen/adult	9781107654938					Yes				
CDIR3	Cambridge U. Press	Science of Heat, The	Harris, Nic	Cambridge Discovery Education Interactive Readers	Low Intermediate	700	Elementary (H)	A2		1,881 				Y	4	NF		Teen/adult	9781107697720					Yes				
CDIR3	Cambridge U. Press	Science of Light, The	O'Dell, Kathryn	Cambridge Discovery Education Interactive Readers	Low Intermediate	700	Elementary (H)	A2		2,670 				N	5	NF		Teen/adult	9781107681989					Yes				
CDIR3	Cambridge U. Press	Shark Attack	O'Dell, Kathryn	Cambridge Discovery Education Interactive Readers	Low Intermediate	700	Elementary (H)	A2		2,445 				N	5	NF		Teen/adult	9781107661837					Yes				
CDIR3	Cambridge U. Press	Slice by Slice: The Story of Pizza	Beaver, Simon	Cambridge Discovery Education Interactive Readers	Low Intermediate	700	Elementary (H)	A2		1,804 				Y	4	NF		Teen/adult	9781107650374					Yes				
CDIR3	Cambridge U. Press	Slime: The Wonderful World of Mucus	Bourke, Kenna	Cambridge Discovery Education Interactive Readers	Low Intermediate	700	Elementary (H)	A2		1,727 				Y	4	NF		Teen/adult	9781107673434					Yes				
CDIR3	Cambridge U. Press	Sport, Game, or Hobby?	Beaver, Simon	Cambridge Discovery Education Interactive Readers	Low Intermediate	700	Elementary (H)	A2		1,975 				Y	5	NF		Teen/adult	9781107686588					Yes				
CDIR3	Cambridge U. Press	Sugar: Our Guilty Pleasure	Walker, Theo	Cambridge Discovery Education Interactive Readers	Low Intermediate	700	Elementary (H)	A2		2,362 				N	5	NF		Teen/adult	9781107681460					Yes				
CDIR3	Cambridge U. Press	Survival Guide: Lost in the Mountains	O'Dell, Kathryn	Cambridge Discovery Education Interactive Readers	Low Intermediate	700	Elementary (H)	A2		2,407 				N	5	NF		Teen/adult	9781107643284					Yes				
CDIR3	Cambridge U. Press	Sushi Nation	Kocienda, Genevieve	Cambridge Discovery Education Interactive Readers	Low Intermediate	700	Elementary (H)	A2		2,377 				N	5	NF		Teen/adult	9781107631472					Yes				
CDIR3	Cambridge U. Press	Swing, Slither, Swim	Walker, Theo	Cambridge Discovery Education Interactive Readers	Low Intermediate	700	Elementary (H)	A2		1,751 				Y	4	NF		Teen/adult	9781107692428					Yes				
CDIR3	Cambridge U. Press	Three in One: The Challenge of the Triathlon	Kocienda, Genevieve	Cambridge Discovery Education Interactive Readers	Low Intermediate	700	Elementary (H)	A2		1,949 				Y	4	NF		Teen/adult	9781107622555					Yes				
CDIR3	Cambridge U. Press	Water: Vital for Life	Kocienda, Genevieve	Cambridge Discovery Education Interactive Readers	Low Intermediate	700	Elementary (H)	A2		1,881 				Y	4	NF		Teen/adult	9781107622517					Yes				
CDIR3	Cambridge U. Press	Weird Animals	Kocienda, Genevieve	Cambridge Discovery Education Interactive Readers	Low Intermediate	700	Elementary (H)	A2		1,993 				Y	4	NF		Teen/adult	9781107656642					Yes				
CDIR3	Cambridge U. Press	What Are the Odds? From Shark Attack to Lightning Strike	Kocienda, Genevieve	Cambridge Discovery Education Interactive Readers	Low Intermediate	700	Elementary (H)	A2		2,014 				Y	4	NF		Teen/adult	9781107668393					Yes				
CDIR3	Cambridge U. Press	What Makes a Place Special? Moscow, Egypt, Australia	Maule, David	Cambridge Discovery Education Interactive Readers	Low Intermediate	700	Elementary (H)	A2		1,866 				Y	4	NF		Teen/adult	9781107633179					Yes				
CDIR3	Cambridge U. Press	Wheel, The	Shackelton, Caroline	Cambridge Discovery Education Interactive Readers	Low Intermediate	700	Elementary (H)	A2		2,358 				N	5	NF		Teen/adult	9781107667396					Yes				
CDIR4	Cambridge U. Press	Altruism: What's in it for Me?	Sargent, Brian	Cambridge Discovery Education Interactive Readers	Intermediate	1,200	Intermed. (M)	B1		3,007 				N	7	NF		Teen/adult	9781107622623					Yes				
CDIR4	Cambridge U. Press	Deep Blue: Discovering the Sea	Shackelton, Caroline	Cambridge Discovery Education Interactive Readers	Intermediate	1,200	Intermed. (M)	B1		2,730 				N	7	NF		Teen/adult	9781107697058					Yes				
CDIR4	Cambridge U. Press	Down to Earth	Shackelton, Caroline	Cambridge Discovery Education Interactive Readers	Intermediate	1,200	Intermed. (M)	B1		2,685 				Y	7	NF		Teen/adult	9781107661172					Yes				
CDIR4	Cambridge U. Press	Found: Discovery and Recovery	Sargent, Brian	Cambridge Discovery Education Interactive Readers	Intermediate	1,200	Intermed. (M)	B1		2,647 				N	6	NF		Teen/adult	9781107632127					Yes				
CDIR4	Cambridge U. Press	Get Smart: Our Amazing Brain	Shackelton, Caroline	Cambridge Discovery Education Interactive Readers	Intermediate	1,200	Intermed. (M)	B1		2,319 				Y	6	NF		Teen/adult	9781107650633					Yes				
CDIR4	Cambridge U. Press	Gold: Greed and Glory	Sargent, Brian	Cambridge Discovery Education Interactive Readers	Intermediate	1,200	Intermed. (M)	B1		2,499 				N	7	NF		Teen/adult	9781107652606					Yes				
CDIR4	Cambridge U. Press	Life on the Edge: Extreme Homes	Sargent, Brian	Cambridge Discovery Education Interactive Readers	Intermediate	1,200	Intermed. (M)	B1		2,893 				N	6	NF		Teen/adult	9781107630284					Yes				
CDIR4	Cambridge U. Press	Losing It: The Meaning of Loss	Sargent, Brian	Cambridge Discovery Education Interactive Readers	Intermediate	1,200	Intermed. (M)	B1		2,802 				N	6	NF		Teen/adult	9781107681910					Yes				
CDIR4	Cambridge U. Press	Mark Your Territory	Sargent, Brian	Cambridge Discovery Education Interactive Readers	Intermediate	1,200	Intermed. (M)	B1		2,736 				N	6	NF		Teen/adult	9781107658950					Yes				
CDIR4	Cambridge U. Press	Our Green Future	Naughton, Diane	Cambridge Discovery Education Interactive Readers	Intermediate	1,200	Intermed. (M)	B1		2,573 				N	6	NF		Teen/adult	9781107672864					Yes				
CDIR4	Cambridge U. Press	Placebo Effect: The Power of Positive Thinking, The	Sargent, Brian	Cambridge Discovery Education Interactive Readers	Intermediate	1,200	Intermed. (M)	B1		2,729 				N	6	NF		Teen/adult	9781107622630					Yes				
CDIR4	Cambridge U. Press	Punch: All About Boxing	Hanzie, Christopher	Cambridge Discovery Education Interactive Readers	Intermediate	1,200	Intermed. (M)	B1		2,710 				N	7	NF		Teen/adult	9781107677272					Yes				
CDIR4	Cambridge U. Press	Rescued: The Chilean Mining Accident	Naughton, Diane	Cambridge Discovery Education Interactive Readers	Intermediate	1,200	Intermed. (M)	B1		3,056 				N	7	NF		Teen/adult	9781107655195					Yes				
CDIR4	Cambridge U. Press	Secrets to a Long Life	Naughton, Diane	Cambridge Discovery Education Interactive Readers	Intermediate	1,200	Intermed. (M)	B1		2,805 				N	6	NF		Teen/adult	9781107683785					Yes				
CDIR4	Cambridge U. Press	Traditions of Death, The	Sargent, Brian	Cambridge Discovery Education Interactive Readers	Intermediate	1,200	Intermed. (M)	B1		2,853 				N	7	NF		Teen/adult	9781107635784					Yes				
CDIR4	Cambridge U. Press	True Colors	Naughton, Diane	Cambridge Discovery Education Interactive Readers	Intermediate	1,200	Intermed. (M)	B1		2,686 				N	7	NF		Teen/adult	9781107660687					Yes				
CDIR4	Cambridge U. Press	Up in the Air: Our Fight Against Gravity	Shackelton, Caroline	Cambridge Discovery Education Interactive Readers	Intermediate	1,200	Intermed. (M)	B1		2,810 				N	7	NF		Teen/adult	9781107634701					Yes				
CDIR4	Cambridge U. Press	Venice: The Floating City	Naughton, Diane	Cambridge Discovery Education Interactive Readers	Intermediate	1,200	Intermed. (M)	B1		2,254 				N	6	NF		Teen/adult	9781107621633					Yes				
CDIR4	Cambridge U. Press	Weird Weapons	Parker, Helen	Cambridge Discovery Education Interactive Readers	Intermediate	1,200	Intermed. (M)	B1		2,539 				N	6	NF		Teen/adult	9781107652002					Yes				
CDIR4	Cambridge U. Press	What Are You Afraid Of? Fears and Phobias	Naughton, Diane	Cambridge Discovery Education Interactive Readers	Intermediate	1,200	Intermed. (M)	B1		2,480 				N	7	NF		Teen/adult	9781107650510					Yes				
CDIR5	Cambridge U. Press	Bounce! The Wonderful World of Rubber	Schreyer, Karmel	Cambridge Discovery Education Interactive Readers	Upper Intermediate	1,800	Upper Int. (E)	B2		2,767 				N	8	NF		Teen/adult	9781107641549					Yes				
CDIR5	Cambridge U. Press	Bucket List, The	Schreyer, Karmel	Cambridge Discovery Education Interactive Readers	Upper Intermediate	1,800	Upper Int. (E)	B2		2,658 				Y	8	NF		Teen/adult	9781107666832					Yes				
CDIR5	Cambridge U. Press	Skin	Shackelton, Caroline	Cambridge Discovery Education Interactive Readers	Upper Intermediate	1,800	Upper Int. (E)	B2		2,891 				N	8	NF		Teen/adult	9781107641891					Yes				
CDIR5	Cambridge U. Press	Tragedy on the Slopes	Schreyer, Karmel	Cambridge Discovery Education Interactive Readers	Upper Intermediate	1,800	Upper Int. (E)	B2		2,466 				N	8	NF		Teen/adult	9781107621596					Yes				
CDIR5	Cambridge U. Press	Turtles: Ancient Symbol/Modern Survivor	Schreyer, Karmel	Cambridge Discovery Education Interactive Readers	Upper Intermediate	1,800	Upper Int. (E)	B2		2,673 				N	8	NF		Teen/adult	9781107660571					Yes				
CDIR5	Cambridge U. Press	Water Power: The Greatest Force on Earth	Schreyer, Karmel	Cambridge Discovery Education Interactive Readers	Upper Intermediate	1,800	Upper Int. (E)	B2		2,479 				N	8	NF		Teen/adult	9781107688971					Yes				
CDIR6	Cambridge U. Press	Avalanche!	Shackelton, Caroline	Cambridge Discovery Education Interactive Readers	High Intermediate	1,800	Upper Int. (E)	B2+		2,579 				N	8	NF		Teen/adult	9781107621572					Yes				
CDIR6	Cambridge U. Press	Lift Off: Exploring the Universe	Shackelton, Caroline	Cambridge Discovery Education Interactive Readers	High Intermediate	1,800	Upper Int. (E)	B2+		2,880 				N	8	NF		Teen/adult	9781107692497					Yes				
CDIR6	Cambridge U. Press	Money Tree: The Business of Organics	Shackelton, Caroline	Cambridge Discovery Education Interactive Readers	High Intermediate	1,800	Upper Int. (E)	B2+		2,821 				Y	8	NF		Teen/adult	9781107636781					Yes				
CDIR6	Cambridge U. Press	Poison: Medicine, Murder, and Mystery	Shackelton, Caroline	Cambridge Discovery Education Interactive Readers	High Intermediate	1,800	Upper Int. (E)	B2+		2,844 				N	8	NF		Teen/adult	9781107622609					Yes				
CDIR6	Cambridge U. Press	Robots: The Next Generation?	Shackelton, Caroline	Cambridge Discovery Education Interactive Readers	High Intermediate	1,800	Upper Int. (E)	B2+		2,691 				N	8	NF		Teen/adult	9781107677623					Yes				
CDIR6	Cambridge U. Press	Trapped! The Aron Ralston Story	Shackelton, Caroline	Cambridge Discovery Education Interactive Readers	High Intermediate	1,800	Upper Int. (E)	B2+		2,978 				N	8	NF		Teen/adult	9781107669987					Yes				
CERS	Cambridge U. Press	Arman's Journey	Philip Prowse	Cambridge English Readers	Starter/Beginner	250 	Beginner (H)	pre-A1	1.2-1.4					Y	3	F	Romance	Adult/ Young Adult	9780521184939	9780521184960				Yes			Y	LLLA WINNER 2012
CERS	Cambridge U. Press	Big Hair Day	Margaret Johnson	Cambridge English Readers	Starter/Beginner	250 	Beginner (H)	pre-A1	1.2-1.4	2,071 		A		Y	3	F	Romance	Adult/ Young Adult	9780521167352	9780521183659			9780511921971	Yes			Y	
CERS	Cambridge U. Press	Black Pearls, The	Macandrew, Richard 	Cambridge English Readers	Starter/Beginner	250 	Beginner (H)	pre-A1	1.2-1.4	2,569 		A		Y	3	F	Adventure	Adult/ Young Adult	9780521732901	9780521732895			9780511433993	Yes			Y	
CERS	Cambridge U. Press	Book Boy	Antoinette Moses	Cambridge English Readers	Starter/Beginner	250 	Beginner (H)	pre-A1	1.2-1.4	2,575 		A		Y	3	F	Human Interest	Adult/ Young Adult	9780521182706	9780521156776			9780511730672	Yes			Y	
CERS	Cambridge U. Press	Death in Oxford, A	Macandrew, Richard 	Cambridge English Readers	Starter/Beginner	250 	Beginner (H)	pre-A1	1.2-1.4	2,581 		A		Y	3	F	Murder Mystery	Adult/ Young Adult	9780521704656	9780521704649				Yes			Y	
CERS	Cambridge U. Press	Dirty Money	Leather, Sue 	Cambridge English Readers	Starter/Beginner	250 	Beginner (H)	pre-A1	1.2-1.4	2,093 		A		Y	3	F	Thriller	Adult/ Young Adult	9780521683340	9780521683333				Yes			Y	
CERS	Cambridge U. Press	Girl at the Window, The	Moses, Antoinette 	Cambridge English Readers	Starter/Beginner	250 	Beginner (H)	pre-A1	1.2-1.4	2,187 		A		Y	3	F	Ghost Story	Adult/ Young Adult	9780521705868	9780521705851				Yes			Y	
CERS	Cambridge U. Press	Let Me Out!	Moses, Antoinette 	Cambridge English Readers	Starter/Beginner	250 	Beginner (H)	pre-A1	1.2-1.4	2,032 		A		Y	3	F	Science Fiction	Adult/ Young Adult	9780521683302	9780521683296				Yes			Y	LLLA WINNER 2007
CERS	Cambridge U. Press	Penang File,The 	Macandrew, Richard 	Cambridge English Readers	Starter/Beginner	250 	Beginner (H)	pre-A1	1.2-1.4	2,043 		A		Y	3	F	Thriller	Adult/ Young Adult	9780521683326	9780521683319				Yes			Y	
CERS	Cambridge U. Press	What a Lottery!	Campbell, Colin 	Cambridge English Readers	Starter/Beginner	250 	Beginner (H)	pre-A1	1.2-1.4	2,127 		A		Y	3	F	Comedy	Adult/ Young Adult	9780521683289	9780521683272				Yes			Y	
CERS	Cambridge U. Press	Why?	Prowse, Philip 	Cambridge English Readers	Starter/Beginner	250 	Beginner (H)	pre-A1	1.2-1.4	2,143 		A		Y	3	F	Human Interest	Adult/ Young Adult	9780521732963	9780521732956			9780511434136	Yes			Y	LLLA WINNER 2009
CER1	Cambridge U. Press	Bad Love	Leather, Sue 	Cambridge English Readers	1 Beginner/Elementary	400 	Elementary (E)	A1	1.4-1.6	4,027 		A		Y	4	F	Murder Mystery	Adult/ Young Adult	9780521686280	9780521536530			9780511141485	Yes			Y	
CER1	Cambridge U. Press	Big Picture, The	Leather, Sue 	Cambridge English Readers	1 Beginner/Elementary	400 	Elementary (E)	A1	1.4-1.6	3,490 		A		Y	4	F	Thriller	Adult/ Young Adult	9780521686310	9780521798464			9780511141522	Yes			Y	
CER1	Cambridge U. Press	Blood Diamonds	MacAndrew, Richard 	Cambridge English Readers	1 Beginner/Elementary	400 	Elementary (E)	A1	1.4-1.6	4,727 		A		Y	4	F	Crime	Adult/ Young Adult	9780521686365	9780521536578			9780511141430	Yes			Y	
CER1	Cambridge U. Press	Caribbean File, The	MacAndrew, Richard	Cambridge English Readers	1 Beginner/Elementary	400 	Elementary (E)	A1	1.4-1.6	4,188 		A		Y	4	F	Adventure	Adult/ Young Adult	9781107674257					Yes			Y	LLLA FINALIST 2014
CER1	Cambridge U. Press	Don't Stop Now!	Prowse, Philip 	Cambridge English Readers	1 Beginner/Elementary	400 	Elementary (E)	A1	1.4-1.6	4,553 		A		Y	4	F	Thriller	Adult/ Young Adult	9780521686525	9780521605649				Yes			Y	
CER1	Cambridge U. Press	Help!	Prowse, Philip 	Cambridge English Readers	1 Beginner/Elementary	400 	Elementary (E)	A1	1.4-1.6	4,555 		A		Y	4	F	Comedy	Adult/ Young Adult	9780521794916	9780521656153			9780511141881	Yes			Y	
CER1	Cambridge U. Press	Hotel Casanova	Leather, Sue 	Cambridge English Readers	1 Beginner/Elementary	400 	Elementary (E)	A1	1.4-1.6	3,787 		A		Y	4	F	Romance	Adult/ Young Adult	9780521686297	9780521649971				Yes			Y	
CER1	Cambridge U. Press	Inspector Logan	MacAndrew, Richard 	Cambridge English Readers	1 Beginner/Elementary	400 	Elementary (E)	A1	1.4-1.6	4,153 		A		Y	4	F	Murder Mystery	Adult/ Young Adult	9780521686372	9780521750806			9780511141447	Yes			Y	
CER1	Cambridge U. Press	John Doe	Moses, Antoinette 	Cambridge English Readers	1 Beginner/Elementary	400 	Elementary (E)	A1	1.4-1.6	4,446 		A		Y	4	F	Murder Mystery	Adult/ Young Adult	9780521794930	9780521656191			9780511141355	Yes			Y	
CER1	Cambridge U. Press	Just Like a Movie	Leather, Sue 	Cambridge English Readers	1 Beginner/Elementary	400 	Elementary (E)	A1	1.4-1.6	3,798 		A		Y	4	F	Thriller	Adult/ Young Adult	9780521686303	9780521788137			9780511141508	Yes			Y	
CER1	Cambridge U. Press	Next Door To Love	Johnson, Margaret	Cambridge English Readers	1 Beginner/Elementary	400 	Elementary (E)	A1	1.4-1.6	4,620 		A		Y	4	F	Romance	Adult/ Young Adult	9780521686228	9780521605625			9780511141829	Yes			Y	
CER1	Cambridge U. Press	Parallel	Campbell, Colin 	Cambridge English Readers	1 Beginner/Elementary	400 	Elementary (E)	A1	1.4-1.6	4,120 		A		Y	4	F	Thriller	Adult/ Young Adult	9780521686136	9780521536516			9780511141379	Yes			Y	
CER1	Cambridge U. Press	Ten Long Years	Alan Battersby	Cambridge English Readers	1 Beginner/Elementary	400 	Elementary (E)	A1	1.4-1.6	4,334 		A		Y	4	F	Thriller	Adult/ Young Adult	9781107621787	9781107656017				Yes			Y	
CER1	Cambridge U. Press	Three Tomorrows	Brennan, Frank 	Cambridge English Readers	1 Beginner/Elementary	400 	Elementary (E)	A1	1.4-1.6	3,991 		A		Y	4	F	Short Stories	Adult/ Young Adult	9780521693783	9780521693776			9780511266898	Yes			Y	
CER2	Cambridge U. Press	Apollo's Gold	Moses, Antoinette 	Cambridge English Readers	2 Elementary/Lower Intermediate	800 	Elementary (H)	A2	2.6-2.8	8,991 		A		Y	5	F	Adventure	Adult/ Young Adult	9780521794992	9780521775533			9780511141409	Yes			Y	
CER2	Cambridge U. Press	Bad Company	Richard MacAndrew	Cambridge English Readers	2 Elementary/Lower Intermediate	800 	Elementary (H)	A2	2.6-2.8	9,600 		E		Y	5	F	Thriller	Adult/ Young Adult	9780521179195	9781107656017			9781139065870	Yes			Y	
CER2	Cambridge U. Press	Circle Games	Brennan, Frank 	Cambridge English Readers	2 Elementary/Lower Intermediate	800 	Elementary (H)	A2	2.6-2.8	9,680 		A		Y	5	F	Short stories	Adult/ Young Adult	9780521686099	9780521630702				Yes			Y	
CER2	Cambridge U. Press	Dark Side of the City, The	Alan Battersby	Cambridge English Readers	2 Elementary/Lower Intermediate	800 	Elementary (H)	A2	2.6-2.8	9,572 		A		Y	5	F		Adult/ Young Adult	9781107635616	9781107656017				Yes			Y	
CER2	Cambridge U. Press	Dead Cold	Leather, Sue 	Cambridge English Readers	2 Elementary/Lower Intermediate	800 	Elementary (H)	A2	2.6-2.8	9,545 		A		Y	5	F	Murder Mystery	Adult/ Young Adult	9780521693929	9780521693790			9780511257872	Yes			Y	LLLA WINNER 2005
CER2	Cambridge U. Press	Different Worlds	Johnson, Margaret	Cambridge English Readers	2 Elementary/Lower Intermediate	800 	Elementary (H)	A2	2.6-2.8	8,650 		A		Y	5	F	Romance	Adult/ Young Adult	9780521686235	9780521536554			9780511141799	Yes			Y	
CER2	Cambridge U. Press	Double Bass Mystery, The	Harmer, Jeremy 	Cambridge English Readers	2 Elementary/Lower Intermediate	800 	Elementary (H)	A2	2.6-2.8	8,392 		A		Y	5	F	Murder Mystery	Adult/ Young Adult	9780521794954	9780521656139			9780511141744	Yes			Y	
CER2	Cambridge U. Press	Jojo's Story	Moses, Antoinette 	Cambridge English Readers	2 Elementary/Lower Intermediate	800 	Elementary (H)	A2	2.6-2.8	9,280 		A		Y	5	F	Human Interest	Adult/ Young Adult	9780521686457	9780521797542			9780511141362	Yes			Y	LLLA WINNER 2004
CER2	Cambridge U. Press	Logan's Choice	MacAndrew, Richard  	Cambridge English Readers	2 Elementary/Lower Intermediate	800 	Elementary (H)	A2	2.6-2.8	9,660 		A		Y	5	F	Murder Mystery	Adult/ Young Adult	9780521686389	9780521795067			9780511141454	Yes			Y	
CER2	Cambridge U. Press	Man from Nowhere, The	Smith, Bernard	Cambridge English Readers	2 Elementary/Lower Intermediate	800 	Elementary (H)	A2	2.6-2.8	8,410 		A		Y	5	F	Thriller	Adult/ Young Adult	9780521686549	9780521783613			9780511141591	Yes			Y	
CER2	Cambridge U. Press	New Zealand File, The	Richard MacAndrew	Cambridge English Readers	2 Elementary/Lower Intermediate	800 	Elementary (H)	A2	2.6-2.8	9,726 		A		Y	5	F	Thriller	Adult/ Young Adult	9780521136280	9780521136242			9780511630057	Yes			Y	
CER2	Cambridge U. Press	One Day	Naylor, Helen 	Cambridge English Readers	2 Elementary/Lower Intermediate	800 	Elementary (H)	A2	2.6-2.8	9,726 		A		Y	5	F	Human Interest	Adult/ Young Adult	9780521714235	9780521714228				Yes			Y	LLLA Finalist 2009
CER2	Cambridge U. Press	Picture to Remember, A	Scott-Malden, Sarah 	Cambridge English Readers	2 Elementary/Lower Intermediate	800 	Elementary (H)	A2	2.6-2.8	9,749 		A		Y	5	F	Thriller	Adult/ Young Adult	9780521795012	9780521664776			9780511141904	Yes			Y	
CER2	Cambridge U. Press	Superbird	Tomlinson, Brian 	Cambridge English Readers	2 Elementary/Lower Intermediate	800 	Elementary (H)	A2	2.6-2.8	8,400 		A		Y	5	F	Science Fiction	Adult/ Young Adult	9780521794978	9780521656085			9780511141607	Yes			Y	
CER2	Cambridge U. Press	Within High Fences	Hancock, Penny 	Cambridge English Readers	2 Elementary/Lower Intermediate	800 	Elementary (H)	A2	2.6-2.8	7,659 		A		Y	5	F	Romance	Adult/ Young Adult	9780521686167	9780521605601			9780511141867	Yes			Y	LLLA Finalist 2006
CER3	Cambridge U. Press	Beast, The	Walker, Carolyn 	Cambridge English Readers	3 Lower Intermediate	1,300 	Intermediate (H)	B1	3.6-3.8	13,866 		A		Y	6	F	Horror	Adult/ Young Adult	9780521686570	9780521750165			9780511141621	Yes			Y	
CER3	Cambridge U. Press	Double Cross	Prowse, Philip 	Cambridge English Readers	3 Lower Intermediate	1,300 	Intermediate (H)	B1	3.6-3.8	14,950 		A		Y	6	F	Thriller	Adult/ Young Adult	9780521686532	9780521656177			9780511141874	Yes			Y	
CER3	Cambridge U. Press	Eye of the Storm, The	Loader, Mandy	Cambridge English Readers	3 Lower Intermediate	1,300 	Intermediate (H)	B1	3.6-3.8	14,146 		A		Y	6	F	Thriller	Adult/ Young Adult	9780521686358	9780521536592			9780511141775	Yes			Y	
CER3	Cambridge U. Press	House by the Sea, The	Aspinall, Patricia 	Cambridge English Readers	3 Lower Intermediate	1,300 	Intermediate (H)	B1	3.6-3.8	15,919 		A		Y	6	F	Thriller	Adult/ Young Adult	9780521686587	9780521775786			9780511141836	Yes			Y	
CER3	Cambridge U. Press	How I Met Myself	Hill, David A 	Cambridge English Readers	3 Lower Intermediate	1,300 	Intermediate (H)	B1	3.6-3.8	12,597 		A		Y	6	F	Ghost Story	Adult/ Young Adult	9780521686204	9780521750189			9780511141645	Yes			Y	
CER3	Cambridge U. Press	Ironing Man, The	Campbell, Colin 	Cambridge English Readers	3 Lower Intermediate	1,300 	Intermediate (H)	B1	3.6-3.8	14,923 		A		Y	6	F	Romance	Adult/ Young Adult	9780521750820	9780521666213			9780511141386	Yes			Y	
CER3	Cambridge U. Press	Just Good Friends	Hancock, Penny 	Cambridge English Readers	3 Lower Intermediate	1,300 	Intermediate (H)	B1	3.6-3.8	13,199 		A		Y	6	F	Romance	Adult/ Young Adult	9780521686174	9780521775335			9780511141850	Yes			Y	
CER3	Cambridge U. Press	Lahti File, The	MacAndrew, Richard 	Cambridge English Readers	3 Lower Intermediate	1,300 	Intermediate (H)	B1	3.6-3.8	13,907 		A		Y	6	F	Thriller	Adult/ Young Adult	9780521795043	9780521750820			9780511141461	Yes			Y	
CER3	Cambridge U. Press	No Place to Hide	Alan Battersby	Cambridge English Readers	3 Lower Intermediate	1,300 	Intermediate (H)	B1	3.6-3.8	15,212 		A		Y	6	F	Thriller	Adult/ Young Adult	9781107621787	9780521173056			9781139065504	Yes			Y	
CER3	Cambridge U. Press	Not Above the Law	Richard MacAndrew	Cambridge English Readers	3 Lower Intermediate	1,300 	Intermediate (H)	B1	3.6-3.8	15,197 		A		Y	6	F		Adult/ Young Adult	9780521140966	9780521157681			9780511730658	Yes			Y	LLLA Finalist 2011
CER3	Cambridge U. Press	Puzzle for Logan, A	MacAndrew, Richard  	Cambridge English Readers	3 Lower Intermediate	1,300 	Intermediate (H)	B1	3.6-3.8	14,506 		A		Y	6	F	Murder Mystery	Adult/ Young Adult	9780521686396	9780521750202			9780511141423	Yes			Y	
CER3	Cambridge U. Press	Strong Medicine	Macandrew, Richard 	Cambridge English Readers	3 Lower Intermediate	1,300 	Intermediate (H)	B1	3.6-3.8	13,720 		A		Y	6	F	Murder Mystery	Adult/ Young Adult	9780521693943	9780521693936			9780511257889	Yes			Y	LLLA Finalist 2007
CER3	Cambridge U. Press	Tales of the Supernatural	Brennan, Frank 	Cambridge English Readers	3 Lower Intermediate	1,300 	Intermediate (H)	B1	3.6-3.8	15,814 		A		Y	6	F	Short Stories	Adult/ Young Adult	9780521686105	9780521542760			9780511141652	Yes			Y	LLLA Finalist 2005
CER3	Cambridge U. Press	Two Lives	Naylor, Helen 	Cambridge English Readers	3 Lower Intermediate	1,300 	Intermediate (H)	B1	3.6-3.8	14,404 		A		Y	6	F	Romance	Adult/ Young Adult	9780521795043	9780521795043			9780511141706	Yes			Y	
CER3	Cambridge U. Press	Wild Country	Johnson, Margaret	Cambridge English Readers	3 Lower Intermediate	1,300 	Intermediate (H)	B1	3.6-3.8	15,144 		A		Y	6	F	Romance	Adult/ Young Adult	9780521713672	9780521713672			9780511363726	Yes			Y	
CER4	Cambridge U. Press	Amsterdam Connection, The 	Leather, Sue 	Cambridge English Readers	4 Intermediate	1,900 	Upper Int. (M)	B1	4.5-5.0	19,110 		A		Y	7	F	Murder Mystery	Adult/ Young Adult	9780521795029	9780521795029			9780511141515	Yes			Y	
CER4	Cambridge U. Press	Berlin Express	Michael Austen	Cambridge English Readers	4 Intermediate	1,900 	Upper Int. (M)	B1	4.5-5.0	20,847 		A		Y	7	F	Thriller	Adult/ Young Adult	9780521175111	9780521174909			9780511764219	Yes			Y	
CER4	Cambridge U. Press	But Was It Murder?	Barrell, Jania	Cambridge English Readers	4 Intermediate	1,900 	Upper Int. (M)	B1	4.5-5.0	17,857 		A		Y	7	F	Murder Mystery	Adult/ Young Adult	9780521783590	9780521783590			9780511141737	Yes			Y	
CER4	Cambridge U. Press	Fruitcake Special and Other Stories, The	Brennan, Frank 	Cambridge English Readers	4 Intermediate	1,900 	Upper Int. (M)	B1	4.5-5.0	18,036 		A		Y	7	F	Short Stories	Adult/ Young Adult	9780521783651	9780521783651			9780511141669	Yes			Y	
CER4	Cambridge U. Press	High Life, Low Life	Battersby, Alan	Cambridge English Readers	4 Intermediate	1,900 	Upper Int. (M)	B1	4.5-5.0	18,358 		A		Y	7	F	Thriller	Adult/ Young Adult	9780521788151	9780521788151			9780511141553	Yes			Y	
CER4	Cambridge U. Press	In the House	Johnson, Margaret	Cambridge English Readers	4 Intermediate	1,900 	Upper Int. (M)	B1	4.5-5.0	20,187 		A		Y	7	F	Romance	Adult/ Young Adult	9780521732246	9780521732246			9780511460319	Yes			Y	
CER4	Cambridge U. Press	Lady in White, The	Campbell, Colin 	Cambridge English Readers	4 Intermediate	1,900 	Upper Int. (M)	B1	4.5-5.0	20,964 		A		Y	7	F	Ghost Story	Adult/ Young Adult	9780521666206	9780521666206			9780511141393	Yes			Y	
CER4	Cambridge U. Press	Love in the Lakes	Hancock, Penny	Cambridge English Readers	4 Intermediate	1,900 	Upper Int. (M)	B1	4.5-5.0	19,502 		A		Y	7	F	Romance	Adult/ Young Adult	9780521714600	9780521714600			9780511380914	Yes			Y	
CER4	Cambridge U. Press	Man Hunt	MacAndrew, Richard 	Cambridge English Readers	4 Intermediate	1,900 	Upper Int. (M)	B1	4.5-5.0	20,497 		A		Y	7	F		Adult/ Young Adult	9781107692695	9780521714600				Yes			Y	LLLA WINNER 2013
CER4	Cambridge U. Press	Matter of Chance, A	Hill, David A.	Cambridge English Readers	4 Intermediate	1,900 	Upper Int. (M)	B1	4.5-5.0	17,892 		A		Y	7	F	Thriller	Adult/ Young Adult	9780521775526	9780521775526			9780511141638	Yes			Y	
CER4	Cambridge U. Press	Nothing but the Truth	Kershaw, George 	Cambridge English Readers	4 Intermediate	1,900 	Upper Int. (M)	B1	4.5-5.0	19,986 		A		Y	7	F	Adventure	Adult/ Young Adult	9780521656238	9780521656238			9780511141683	Yes			Y	
CER4	Cambridge U. Press	Staying Together	Wilson, Judith	Cambridge English Readers	4 Intermediate	1,900 	Upper Int. (M)	B1	4.5-5.0	18,910 		A		Y	7	F	Romance	Adult/ Young Adult	9780521798488	9780521798488			9780511141768	Yes			Y	LLLA Finalist 2004
CER4	Cambridge U. Press	University Murders, The	MacAndrew, Richard 	Cambridge English Readers	4 Intermediate	1,900 	Upper Int. (M)	B1	4.5-5.0	18,691 		A		Y	7	F	Murder Mystery	Adult/ Young Adult	9780521536608	9780521536608			9780511141478	Yes			Y	
CER4	Cambridge U. Press	When Summer Comes	Naylor, Helen 	Cambridge English Readers	4 Intermediate	1,900 	Upper Int. (M)	B1	4.5-5.0	21,914 		A		Y	7	F	Human Interest	Adult/ Young Adult	9780521656115	9780521656115			9780511141713	Yes			Y	
CER5	Cambridge U. Press	All I Want	Johnson, Margaret	Cambridge English Readers	5 Upper Intermediate	2,800 	Advanced (E)	B2	5.5-6.0	24,318 		A		Y	8	F	Romance	Adult/ Young Adult	9780521794541				9780511141782	Yes			Y	
CER5	Cambridge U. Press	Better Late than Never	J. M. Newsome	Cambridge English Readers	5 Upper Intermediate	2,800 	Advanced (E)	B2	5.5-6.0	24,595 		A		Y	8	F	Thriller	Adult/ Young Adult	9781107671492	9780521794541				Yes	2013		Y	
CER5	Cambridge U. Press	Death in the Dojo	Leather, Sue 	Cambridge English Readers	5 Upper Intermediate	2,800 	Advanced (E)	B2	5.5-6.0	20,873 		A		Y	8	F		Adult/ Young Adult	9780521656214	9780521656214			9780511141492	Yes			Y	
CER5	Cambridge U. Press	Dolphin Music	Moses, Antoinette 	Cambridge English Readers	5 Upper Intermediate	2,800 	Advanced (E)	B2	5.5-6.0	23,608 		A		Y	8	F	Future Thriller	Adult/ Young Adult	9780521666183	9780521666183			9780511141416	Yes			Y	
CER5	Cambridge U. Press	Dragon's Eggs	J.M. Newsome	Cambridge English Readers	5 Upper Intermediate	2,800 	Advanced (E)	B2	5.5-6.0	25,405 		A		Y	8	F	Human Interest	Adult/ Young Adult	9780521179041	9780521132640				Yes			Y	LLLA WINNER 2011
CER5	Cambridge U. Press	East 43rd Street	Battersby, Alan	Cambridge English Readers	5 Upper Intermediate	2,800 	Advanced (E)	B2	5.5-6.0	22,502 		A		Y	8	F	Thriller	Adult/ Young Adult	9780521783637	9780521783637			9780511141546	Yes			Y	
CER5	Cambridge U. Press	Emergency Murder	McGiffin, Janet 	Cambridge English Readers	5 Upper Intermediate	2,800 	Advanced (E)	B2	5.5-6.0	20,514 		A		Y	8	F		Adult/ Young Adult	9780521536622	9780521536622			9780511141720	Yes			Y	
CER5	Cambridge U. Press	Forget to Remember	Maley, Alan 	Cambridge English Readers	5 Upper Intermediate	2,800 	Advanced (E)	B2	5.5-6.0	24,999 		A		Y	8	F	Human Interest	Adult/ Young Adult	9780521184915	9780521184922			9781139119801	Yes			Y	
CER5	Cambridge U. Press	In the Shadow of the Mountain	Naylor, Helen 	Cambridge English Readers	5 Upper Intermediate	2,800 	Advanced (E)	B2	5.5-6.0	22,483 		A		Y	8	F	Human Interest	Adult/ Young Adult	9780521775519	9780521775519			9780511141690	Yes			Y	
CER5	Cambridge U. Press	Jungle Love	Johnson, Margaret	Cambridge English Readers	5 Upper Intermediate	2,800 	Advanced (E)	B2	5.5-6.0	23,442 		A		Y	8	F	Romance	Adult/ Young Adult	9780521750844	9780521750844			9780511141805	Yes			Y	
CER5	Cambridge U. Press	Murder by Art	McGiffin, Janet	Cambridge English Readers	5 Upper Intermediate	2,800 	Advanced (E)	B2	5.5-6.0	22,922 		A		Y	8	F	Murder Mystery	Adult/ Young Adult	9780521736541	9780521736541				Yes			Y	
CER5	Cambridge U. Press	Sugar Glider, The	Neilsen, Rod 	Cambridge English Readers	5 Upper Intermediate	2,800 	Advanced (E)	B2	5.5-6.0	22,922 		A		Y	8	F	Adventure	Adult/ Young Adult	9780521536615	9780521536615			9780511141898	Yes			Y	
CER5	Cambridge U. Press	Tangled Web, A	Maley, Alan 	Cambridge English Readers	5 Upper Intermediate	2,800 	Advanced (E)	B2	5.5-6.0	25,813 		A		Y	8	F	Thriller	Adult/ Young Adult	9780521536646	9780521536646			9780511141577	Yes			Y	LLLA Finalist 2005
CER5	Cambridge U. Press	Windows of the Mind	Brennan, Frank 	Cambridge English Readers	5 Upper Intermediate	2,800 	Advanced (E)	B2	5.5-6.0	25,649 		A		Y	8	F	Short Stories	Adult/ Young Adult	9780521750141	9780521750141			9780511141676	Yes			Y	
CER6	Cambridge U. Press	Best of Times?, The	Alan Maley	Cambridge English Readers	6 Advanced	3,800 	Advanced (H)	C1	6.0-6.5	31,120 		A		Y	9	F	Human Interest	Adult/ Young Adult	9780521735469	9780521735452			9780511910692	Yes			Y	LLLA WINNER 2010
CER6	Cambridge U. Press	Dangerous Sky, A	Austen, Michael	Cambridge English Readers	6 Advanced	3,800 	Advanced (H)	C1	6.0-6.5	29,276 		A		Y	9	F	Human Interest	Adult/ Young Adult	9781107694057	9781107694057				Yes			Y	LLLA WINNER 2014
CER6	Cambridge U. Press	Deadly Harvest	Walker, Carolyn  	Cambridge English Readers	6 Advanced	3,800 	Advanced (H)	C1	6.0-6.5	27,097 		A		Y	9	F	Murder Mystery	Adult/ Young Adult	9780521686563	9780521686563			9780511141614	Yes			Y	
CER6	Cambridge U. Press	Frozen Pizza and Other Slices of Life	Moses, Antoinette	Cambridge English Readers	6 Advanced	3,800 	Advanced (H)	C1	6.0-6.5	26,463 		A		Y	9	F	Human Interest	Adult/ Young Adult	9780521750783	9780521750783			9780511141348	Yes			Y	
CER6	Cambridge U. Press	He Knows Too Much	Maley, Alan 	Cambridge English Readers	6 Advanced	3,800 	Advanced (H)	C1	6.0-6.5	29,535 		A		Y	9	F	Human Interest	Adult/ Young Adult	9780521656078	9780521656078			9780511141584	Yes			Y	
CER6	Cambridge U. Press	Love for Life, A	Hancock, Penny 	Cambridge English Readers	6 Advanced	3,800 	Advanced (H)	C1	6.0-6.5	28,441 		A		Y	9	F	Human Interest	Adult/ Young Adult	9780521799461	9780521799461			9780511141843	Yes			Y	
CER6	Cambridge U. Press	Murder Maker	Johnson, Margaret	Cambridge English Readers	6 Advanced	3,800 	Advanced (H)	C1	6.0-6.5	28,213 		A		Y	9	F	Thriller	Adult/ Young Adult	9780521536639	9780521536639			9780511141812	Yes			Y	
CER6	Cambridge U. Press	Nelson's Dream	Newsome, J.M.	Cambridge English Readers	6 Advanced	3,800 	Advanced (H)	C1	6.0-6.5	29,299 		A		Y	9	F	Human Interest	Adult/ Young Adult	9780521716048	9780521716048			9780511402302	Yes			Y	LLLA WINNER 2009
CER6	Cambridge U. Press	Solo Saxophone	Jeremy Harmer	Cambridge English Readers	6 Advanced	3,800 	Advanced (H)	C1	6.0-6.5	29,629 		A		Y	9	F	Human Interest	Adult/ Young Adult	9780521182959	9780521182959				Yes				LLLA Finalist 2012
CER6	Cambridge U. Press	This Time it's Personal	Battersby, Alan	Cambridge English Readers	6 Advanced	3,800 	Advanced (H)	C1	6.0-6.5	26,043 		A		Y	9	F	Thriller	Adult/ Young Adult	9780521798440	9780521798440			9780511141560	Yes			Y	
CER6	Cambridge U. Press	Trumpet Voluntary	Harmer, Jeremy 	Cambridge English Readers	6 Advanced	3,800 	Advanced (H)	C1	6.0-6.5	29,451 		A		Y	9	F		Adult/ Young Adult	9780521799461	9780521666190			9780511141751	Yes			Y	
CER6	Cambridge U. Press	Way Home, The	Leather, Sue 	Cambridge English Readers	6 Advanced	3,800 	Advanced (H)	C1	6.0-6.5	30,447 		A		Y	9	F	Short Stories	Adult/ Young Adult	9780521543620	9780521543620			9780511141539	Yes			Y	
CDRS	Cambridge U. Press	Gone!	Margaret Johnson	Cambridge Experience Readers (formerly "Discovery Readers")	Starter/Beginner	250 	Beginner (H)	A1	1.0	1,975 		A		Y	3	F	Fantasy	Teen	9788483235096	9780521149044				Yes			Y	LLLA Finalist 2010
CDRS	Cambridge U. Press	LIttle Trouble in California, A	Richard MacAndrew	Cambridge Experience Readers (formerly "Discovery Readers")	Starter/Beginner	250 	Beginner (H)	A1	1.0	2,211 		E		Y	3	F	Human Interest	Teen	9788483239827	9788483238097				Yes			Y	LLLA Finalist 2012
CDRS	Cambridge U. Press	Quick Change	Margaret Johnson	Cambridge Experience Readers (formerly "Discovery Readers")	Starter/Beginner	250 	Beginner (H)	A1	1.0	2,000 		E		Y	3	F	Fantasy	teen	9788483238097					Yes			Y	
CDR1	Cambridge U. Press	Amazing Young Sports People	Nandy Loader	Cambridge Experience Readers (formerly "Discovery Readers")	1 Beginner/Elementary	400 	Elementary (E)	A1	1.4	3,747 		A		Y	4	NF	Factual	teen	9788483235720	9780521148993				Yes			Y	
CDR1	Cambridge U. Press	Harry's Holiday	Antoinette Moses	Cambridge Experience Readers (formerly "Discovery Readers")	1 Beginner/Elementary	400 	Elementary (E)	A1	1.4	4,356 		E		Y	4	F	Human Interest	teen	9788483238356	9788483238585				Yes			Y	LLLA WINNER 2012
CDR1	Cambridge U. Press	Little Trouble in Dublin, A	Richard MacAndrew	Cambridge Experience Readers (formerly "Discovery Readers")	1 Beginner/Elementary	400 	Elementary (E)	A1	1.4	4,000 		E		Y	4	F	Adventure	teen	9788483236956					Yes			Y	LLLA WINNER 2011
CDR1	Cambridge U. Press	Spider Boy	Margaret Johnson	Cambridge Experience Readers (formerly "Discovery Readers")	1 Beginner/Elementary	400 	Elementary (E)	A1						y		F	Human Interest		9781107690615					Yes				
CDR1	Cambridge U. Press	Summer Sounds	Marla Bentley	Cambridge Experience Readers (formerly "Discovery Readers")	1 Beginner/Elementary	400 	Elementary (E)	A1	1.4	4,135 		E		Y	4	F	Adventure	teen	9788483239957					Yes	2014		Y	
CDR1	Cambridge U. Press	Vinnie's Vacation	Antoinette Moses	Cambridge Experience Readers (formerly "Discovery Readers")	1 Beginner/Elementary	400 	Elementary (E)	A1	1.4	4,387 		E	48	Y	4	F	Human Interest	teen	9781107621305					Yes	2012	2012	Y	
CDR2	Cambridge U. Press	As Others See Us	Nicola Prentis	Cambridge Experience Readers (formerly "Discovery Readers")	2 Elementary/Lower-intermediate	800 	Elementary (H)	A2						y		F	Fantasy		9781107699199					Yes	2014			
CDR2	Cambridge U. Press	Ask Alice	Margaret Johnson	Cambridge Experience Readers (formerly "Discovery Readers")	2 Elementary/Lower-intermediate	800 	Elementary (H)	A2	2.6-2.8	7,936 		E		Y	5	F	Human Interest	teen	9788483236161	9788483239582				Yes			Y	LLLA Finalist 2012
CDR2	Cambridge U. Press	Grandad's Magic Gadgets	Helen Everett-Camplin	Cambridge Experience Readers (formerly "Discovery Readers")	2 Elementary/Lower-intermediate	800 	Elementary (H)	A2	2.6-2.8	8,023 		A		Y	5	F	Comedy	teen	9788483235225	9780521148979				Yes			Y	
CDR2	Cambridge U. Press	Killer Bees	Jane Rollason	Cambridge Experience Readers (formerly "Discovery Readers")	2 Elementary/Lower-intermediate	800 	Elementary (H)	A2	2.6-2.8	8,066 		A		Y	5	F	Horror	teen	9788483235034	9780521148962				Yes			Y	
CDR2		London	Jane Rollason	Cambridge Experience Readers (formerly "Discovery Readers")	2 Elementary/Lower-intermediate	800 	Elementary (H)	A2	2.6-2.8	7,635 		A		Y	5	NF	Factual	teen	9781107615212					Yes	2014		Y	
CDR2	Cambridge U. Press	Little Trouble in Amsterdam, A	Richard MacAndrew	Cambridge Experience Readers (formerly "Discovery Readers")	2 Elementary/Lower-intermediate	800 	Elementary (H)	A2	2.6-2.8	7,960 		A		Y	5		Adventure	teen	9788483235195	9780521148986				Yes			Y	
CDR2	Cambridge U. Press	New Zealand	Margaret Johnson	Cambridge Experience Readers (formerly "Discovery Readers")	2 Elementary/Lower-intermediate	800 	Elementary (H)	A2	2.6-2.8	7,551 		A		Y	5		Factual	teen	9788483234884	9780521149020				Yes			Y	
CDR2	Cambridge U. Press	Parties and Presents: three short stories	Katherine Mansfield	Cambridge Experience Readers (formerly "Discovery Readers")	2 Elementary/Lower-intermediate	800 	Elementary (H)	A2	2.6-2.8	7,551 		E		Y	5			teen	9788483238363					Yes				
CDR3	Cambridge U. Press	Alone	Jane Rollason	Cambridge Experience Readers (formerly "Discovery Readers")	3 Lower-intermediate	1,300 	Intermediate (H)	B1	3.6-3.8	12,522 		E		Y	6		Historical Fiction	teen	9788483236826	9788483234075				Yes			Y	
CDR3	Cambridge U. Press	Little Trouble in the Yorkshire Dales, A	Richard MacAndrew	Cambridge Experience Readers (formerly "Discovery Readers")	3 Lower-intermediate	1,300 	Intermediate (H)	B1	3.6-3.8	12,087 		A		Y	6		Adventure	teen	9788483235843	9780521148955				Yes			Y	
CDR3	Cambridge U. Press	Mind Map, The	David Morrison	Cambridge Experience Readers (formerly "Discovery Readers")	3 Lower-intermediate	1,300 	Intermediate (H)	B1	3.6-3.8	11,749 		A		Y	6		Fantasy	teen	9788483235379	9780521148924				Yes			Y	LLLA Finalist 2010
CDR3	Cambridge U. Press	Running Wild	Margaret Johnson	Cambridge Experience Readers (formerly "Discovery Readers")	3 Lower-intermediate	1,300 	Intermediate (H)	B1	3.6-3.8	11,682 		A		Y	6		Adventure	teen	9788483235010	9780521149013				Yes			Y	
CDR3	Cambridge U. Press	Scotland	Richard MacAndrew	Cambridge Experience Readers (formerly "Discovery Readers")	3 Lower-intermediate	1,300 	Intermediate (H)	B1	3.6-3.8	11,901 		A		Y	6		Factual	teen	9788483235799	9780521148948				Yes			Y	
CDR3	Cambridge U. Press	Tales of Terror	Edgar Allan Poe and others	Cambridge Experience Readers (formerly "Discovery Readers")	3 Lower-intermediate	1,300 	Intermediate (H)	B1	3.6-3.8	12,426 		A		Y	6		Horror	teen	9788483235324	9780521148931				Yes			Y	
CDR4	Cambridge U. Press	Bullring Kid and Country Cowboy	Louise Clover	Cambridge Experience Readers (formerly "Discovery Readers")	4 Intermediate	1,900 	Upper Int. (M)	B1	4.5-5.0	17,995 		A		Y	7			teen	9788483234952	9780521148917				Yes			Y	
CDR4	Cambridge U. Press	Robinson Crusoe	Daniel Defoe	Cambridge Experience Readers (formerly "Discovery Readers")	4 Intermediate	1,900 	Upper Int. (M)	B1	4.5-5.0	18,563 		A		Y	7		Adventure	teen	9788483235539	9780521148900				Yes			Y	
CDR4	Cambridge U. Press	Tasty Tales	Frank Brennan	Cambridge Experience Readers (formerly "Discovery Readers")	4 Intermediate	1,900 	Upper Int. (M)	B1	4.5-5.0	16,940 		A		Y	7		Short Stories	teen	9788483235423	9780521148894				Yes			Y	
CDR4	Cambridge U. Press	Two Worlds	Helen Everett-Camplin	Cambridge Experience Readers (formerly "Discovery Readers")	4 Intermediate	1,900 	Upper Int. (M)	B1	4.5-5.0	18,423 		E		Y	7		Human Interest	teen	9788483235669	9780521148887				Yes			Y	LLLA Finalist 2011
CDR5	Cambridge U. Press	Mayor of Casterbridge, The	Thomas Hardy	Cambridge Experience Readers (formerly "Discovery Readers")	5 Upper-intermediate	2,800 	Advanced (E)	B2	5.5-6.0	22,357 		A		Y	8		Drama	teen	9788483235607	9780521148870				Yes			Y	
CDR5	Cambridge U. Press	Sherlock	Richard MacAndrew	Cambridge Experience Readers (formerly "Discovery Readers")	5 Upper-intermediate	2,800 	Advanced (E)	B2	5.5-6.0					Y			Drama	teen	9781107621862					Yes			Y	
CDR6	Cambridge U. Press	Freddie's War	Jane Rollason	Cambridge Experience Readers (formerly "Discovery Readers")	6 Advanced	3,800 	Advanced (H)	C1	6.0-6.5	27,243 		A		Y	9		Historical Fiction	teen	9788483239094	9788483236628				Yes			Y	
CSB1	Cambridge U. Press	Afloat in a Boat	Brown & Ruttle	Cambridge Storybooks	Level 1			A1	0.2	38 		A		N		F		children	9780521006972					Yes			Y	Level 1 Audio Cassette: 9780521549042, Level 1 CD: 9780521549059
CSB1	Cambridge U. Press	Blowing Bubbles	Juliet Partridge	Cambridge Storybooks	Level 1			A1	0.2	29 		A		N		F		children	9780521006699					Yes			Y	
CSB1	Cambridge U. Press	Dirty Dog	Bill Graham	Cambridge Storybooks	Level 1			A1	0.2	38 		A		N		F		children	9780521006583					Yes			Y	
CSB1	Cambridge U. Press	Fishy Numbers	Rosemary Davidson	Cambridge Storybooks	Level 1			A1	0.2	45 		A		N		F		children	9780521006675					Yes			Y	
CSB1	Cambridge U. Press	Five Green Monsters	Juliet Partridge	Cambridge Storybooks	Level 1			A1	0.2	47 		A		N		F		children	9780521006743					Yes			Y	
CSB1	Cambridge U. Press	Four Scary Monsters	Juliet Partridge	Cambridge Storybooks	Level 1			A1	0.2	47 		A		N		F		children	9780521006781					Yes			Y	
CSB1	Cambridge U. Press	Hickory, Dickory, Dock	Brown & Ruttle	Cambridge Storybooks	Level 1			A1	0.2	40 		A		N		F		children	9780521007078					Yes			Y	
CSB1	Cambridge U. Press	Incy Wincy Spider	Brown & Ruttle	Cambridge Storybooks	Level 1			A1	0.2	33 		A		N		F		children	9780521007023					Yes			Y	
CSB1	Cambridge U. Press	Looking for Dragons	Brown & Ruttle	Cambridge Storybooks	Level 1			A1	0.2	31 		A		N		F		children	9780521007054					Yes			Y	
CSB1	Cambridge U. Press	My Dog's Party	Bill Graham	Cambridge Storybooks	Level 1			A1	0.2	36 		A		N		F		children	9780521006545					Yes			Y	
CSB1	Cambridge U. Press	My Pet	Bill Graham	Cambridge Storybooks	Level 1			A1	0.2	40 		A		N		F		children	9780521006507					Yes			Y	
CSB1	Cambridge U. Press	One Teddy Bear All Alone	Rosemary Davidson	Cambridge Storybooks	Level 1			A1	0.2	41 		A		N		F		children	9780521006620					Yes			Y	
CSB1	Cambridge U. Press	Picnic, The	Juliet Partridge	Cambridge Storybooks	Level 1			A1	0.2	36 		A		N		F		children	9780521006866					Yes			Y	
CSB1	Cambridge U. Press	That's Me!	Juliet Partridge	Cambridge Storybooks	Level 1			A1	0.2	33 		A		N		F		children	9780521006828					Yes			Y	
CSB1	Cambridge U. Press	Three Spotty Monsters	Juliet Partridge	Cambridge Storybooks	Level 1			A1	0.2	48 		A		N		F		children	9780521006897					Yes			Y	
CSB1	Cambridge U. Press	Walking in the Jungle	Brown & Ruttle	Cambridge Storybooks	Level 1			A1	0.2	49 		A		N		F		children	9780521006934					Yes			Y	
CSB1	Cambridge U. Press	What's in the Box?	Bill Graham	Cambridge Storybooks	Level 1			A1	0.2	25 		A		N		F		children	9780521006439					Yes			Y	
CSB1	Cambridge U. Press	Where's Woolly?	Bill Graham	Cambridge Storybooks	Level 1			A1	0.2	34 		A		N		F		children	9780521006477					Yes			Y	
CSB2	Cambridge U. Press	Bad Boy, Billy!	Gerald Rose	Cambridge Storybooks	Level 2			A1	0.4	110 		A		N		F		children	9780521752091					Yes			Y	Level 2 Audio Cassette: 9780521549073, Level 2 Audio CD: 9780521549080
CSB2	Cambridge U. Press	Billy's Box	John Prater	Cambridge Storybooks	Level 2			A1	0.4	189 		A		N		F		children	9780521752534					Yes			Y	
CSB2	Cambridge U. Press	Dan's Box	John Prater	Cambridge Storybooks	Level 2			A1	0.4	175 		A		N		F		children	9780521007139					Yes			Y	
CSB2	Cambridge U. Press	Everyone is Reading	Juliet Partridge	Cambridge Storybooks	Level 2			A1	0.4	105 		A		N		F		children	9780521752053					Yes			Y	
CSB2	Cambridge U. Press	Here Comes Everyone	Tony Bradman	Cambridge Storybooks	Level 2			A1	0.4	162 		A		N		F		children	9780521752138					Yes			Y	
CSB2	Cambridge U. Press	Lucy's Box	John Prater	Cambridge Storybooks	Level 2			A1	0.4	245 		A		N		F		children	9780521007108					Yes			Y	
CSB2	Cambridge U. Press	Not Yet, Nathan!	Sue Perry & Jane Rose	Cambridge Storybooks	Level 2			A1	0.4	77 		A		N		F		children	9780521752619					Yes			Y	
CSB2	Cambridge U. Press	Please, Miss Miller!	Tony Bradman	Cambridge Storybooks	Level 2			A1	0.4	89 		A		N		F		children	9780521007191					Yes			Y	
CSB2	Cambridge U. Press	Rhyming Riddles	Marjorie Craggs	Cambridge Storybooks	Level 2			A1	0.4	99 		A		N		F		children	9780521752633					Yes			Y	
CSB2	Cambridge U. Press	Clever Tortoise, The	Gerald Rose	Cambridge Storybooks	Level 2			A1	0.4	132 		A		N		F		children	9780521752190					Yes			Y	
CSB2	Cambridge U. Press	Gingerbread Man, The	Gerald Rose	Cambridge Storybooks	Level 2			A1	0.5	117 		A		N		F		children	9780521752176					Yes			Y	
CSB2	Cambridge U. Press	Lion and the Mouse, The	Gerald Rose	Cambridge Storybooks	Level 2			A1	0.4	174 		A		N		F		children	9780521007245					Yes			Y	
CSB2	Cambridge U. Press	Moonlit Owl, The	Richard Brown	Cambridge Storybooks	Level 2			A1	0.4	91 		A		N		F		children	9780521752572					Yes			Y	
CSB2	Cambridge U. Press	Raven and the Fox, The	Gerald Rose	Cambridge Storybooks	Level 2			A1	0.4	141 		A		N		F		children	9780521007214					Yes			Y	
CSB2	Cambridge U. Press	Tortoise and the Hare, The	Gerald Rose	Cambridge Storybooks	Level 2			A1	0.4	79 		A		N		F		children	9780521752077					Yes			Y	
CSB2	Cambridge U. Press	This is the Register	Tony Bradman	Cambridge Storybooks	Level 2			A1	0.4	134 		A		N		F		children	9780521752114					Yes			Y	
CSB2	Cambridge U. Press	Wayne's Box	John Prater	Cambridge Storybooks	Level 2			A1	0.4	120 		A		N		F		children	9780521752510					Yes			Y	
CSB2	Cambridge U. Press	What's the Time?	Tony Bradman	Cambridge Storybooks	Level 2			A1	0.4	76 		A		N		F		children	9780521007160					Yes			Y	
CSB3	Cambridge U. Press	Animal Wrestlers, The	Joanna Troughton	Cambridge Storybooks	Level 3			A1	0.5-0.6	270 		A		N		F		children	9780521752459					Yes			Y	Level 3 Audio Cassettes (2): 9780521549103, Level 3 Audio CDs (2): 9780521549110
CSB3	Cambridge U. Press	Apples!	June Crebbin	Cambridge Storybooks	Level 3			A1	0.5-0.6	475 		A		N		F		children	9780521752398					Yes			Y	
CSB3	Cambridge U. Press	Ben's Amazing Birthday	Richard Brown	Cambridge Storybooks	Level 3			A1	0.5-0.6	246 		A		N		F		children	9780521752596					Yes			Y	
CSB3	Cambridge U. Press	Chinese New Yea, The	Joanna Troughton	Cambridge Storybooks	Level 3			A1	0.5-0.6	287 		A		N		F		children	9780521752411					Yes			Y	
CSB3	Cambridge U. Press	Dad Goes Fishing	Gerald Rose	Cambridge Storybooks	Level 3			A1	0.5-0.6	287 		A		N		F		children	9780521752213					Yes			Y	
CSB3	Cambridge U. Press	Dancing to the River	Grace Hallworth	Cambridge Storybooks	Level 3			A1	0.5-0.6	359 		A		N		F		children	9780521752473					Yes			Y	
CSB3	Cambridge U. Press	Flying Football, The	June Crebbin	Cambridge Storybooks	Level 3			A1	0.5-0.6	312 		A		N		F		children	9780521752336					Yes			Y	
CSB3	Cambridge U. Press	Lion and the Mouse, The	Gerald Rose	Cambridge Storybooks	Level 3			A1	0.5-0.6	152 		A		N		F		children	9780521752312					Yes			Y	
CSB3	Cambridge U. Press	Little Red Hen, The	Gerald Rose	Cambridge Storybooks	Level 3			A1	0.5-0.6	409 		A		N		F		children	9780521752237					Yes			Y	
CSB3	Cambridge U. Press	Nibbles	June Crebbin	Cambridge Storybooks	Level 3			A1	0.5-0.6	387 		A		N		F		children	9780521752374					Yes			Y	
CSB3	Cambridge U. Press	Nishal's Box	John Prater	Cambridge Storybooks	Level 3			A1	0.5-0.6	358 		A		N		F		children	9780521752558					Yes			Y	
CSB3	Cambridge U. Press	Please Sit Still	June Crebbin	Cambridge Storybooks	Level 3			A1	0.5-0.6	310 		A		N		F		children	9780521752350					Yes			Y	
CSB3	Cambridge U. Press	Sam's Caf	Gerald Rose	Cambridge Storybooks	Level 3			A1	0.5-0.6	303 		A		N		F		children	9780521752251					Yes			Y	
CSB3	Cambridge U. Press	Sleep Tight	Grace Hallworth	Cambridge Storybooks	Level 3			A1	0.5-0.6	129 		A		N		F		children	9780521752497					Yes			Y	
CSB3	Cambridge U. Press	Story of Running Water, The	Joanna Troughton	Cambridge Storybooks	Level 3			A1	0.5-0.6	315 		A		N		F		children	9780521752435					Yes			Y	
CSB3	Cambridge U. Press	We're Going on a Picnic	Gerald Rose	Cambridge Storybooks	Level 3			A1	0.5-0.6	308 		A		N		F		children	9780521752275					Yes			Y	
CSB3	Cambridge U. Press	Well Done, Sam!	Tony Bradman	Cambridge Storybooks	Level 3			A1	0.5-0.6	261 		A		N		F		children	9780521752152					Yes			Y	
CSB3	Cambridge U. Press	Who's Stealing the Fish?	Gerald Rose	Cambridge Storybooks	Level 3			A1	0.5-0.6	361 		A		N		F		children	9780521752299					Yes			Y	LLLA Finalist 2005
CSB4	Cambridge U. Press	Amazing Mr Mulch, The	Rosemary Hayes	Cambridge Storybooks	Level 4			A1	0.7-1.0	614 		A		N		F		children	9780521674799					Yes			Y	Level 4 Audio CDs (2): 9780521674898, Level 4 Audio Cassettes (2): 9780521674904
CSB4	Cambridge U. Press	Big Shrink, The	Rosemary Hayes	Cambridge Storybooks	Level 4			A1	0.7-1.0	450 		A		N		F		children	9780521674768					Yes			Y	
CSB4	Cambridge U. Press	Cape of Rushes, The	Antonia Barber	Cambridge Storybooks	Level 4			A1	0.7-1.0	569 		A		N		F		children	9780521674867					Yes			Y	
CSB4	Cambridge U. Press	Cat for Tom, A	June Crebbin	Cambridge Storybooks	Level 4			A1	0.7-1.0	568 		A		N		F		children	9780521674713					Yes			Y	
CSB4	Cambridge U. Press	Coyote Girl	Rosalind Kerven	Cambridge Storybooks	Level 4			A1	0.7-1.0	505 		A		N		F		children	9780521674850					Yes			Y	
CSB4	Cambridge U. Press	Dog Show, The	June Crebbin	Cambridge Storybooks	Level 4			A1	0.7-1.0	639 		A		N		F		children	9780521674744					Yes			Y	
CSB4	Cambridge U. Press	Lord Mount Dragon, The	Keith Ruttle	Cambridge Storybooks	Level 4			A1	0.7-1.0	524 		A		N		F		children	9780521674874					Yes			Y	
CSB4	Cambridge U. Press	Magic Sword, The	Rosemary Hayes	Cambridge Storybooks	Level 4			A1	0.7-1.0	525 		A		N		F		children	9780521674751					Yes			Y	
CSB4	Cambridge U. Press	Peace Ring, The	Rosemary Hayes	Cambridge Storybooks	Level 4			A1	0.7-1.0	606 		A		N		F		children	9780521674782					Yes			Y	
CSB4	Cambridge U. Press	Pyjama Party, The	June Crebbin	Cambridge Storybooks	Level 4			A1	0.7-1.0	548 		A		N		F		children	9780521674706					Yes			Y	
CSB4	Cambridge U. Press	Slippery Planet, The	Rosemary Hayes	Cambridge Storybooks	Level 4			A1	0.7-1.0	522 		A		N		F		children	9780521674775					Yes			Y	LLLA Finalist 2006
CSB4	Cambridge U. Press	Snow in the Kitchen	Richard Brown	Cambridge Storybooks	Level 4			A1	0.7-1.0	462 		A		N		F		children	9780521674805					Yes			Y	
CSB4	Cambridge U. Press	Special Cake, The	June Crebbin	Cambridge Storybooks	Level 4			A1	0.7-1.0	474 		A		N		F		children	9780521674720					Yes			Y	LLLA Finalist 2006
CSB4	Cambridge U. Press	Watch by the Se, Thea	Richard Brown	Cambridge Storybooks	Level 4			A1	0.7-1.0	361 		A		N		F		children	9780521674812					Yes			Y	
CSB4	Cambridge U. Press	Weather Drum, The	Rosalind Kerven	Cambridge Storybooks	Level 4			A1	0.7-1.0	450 		A		N		F		children	9780521674843					Yes			Y	
CSB4	Cambridge U. Press	Welsh Lamb, A	Richard Brown	Cambridge Storybooks	Level 4			A1	0.7-1.0	543 		A		N		F		children	9780521674829					Yes			Y	
CYRF3	Cambridge U. Press	Why Does Water Freeze?	Peter Rees	Cambridge Young Readers: Factbooks: Why is it so?	Level 3									N		NF		children	9780521137126					Yes				
CYRF3	Cambridge U. Press	Why Do Raindrops Fall?	Peter Rees	Cambridge Young Readers: Factbooks: Why is it so?	Level 3									N		NF		children	9780521137140					Yes				
CYRF3	Cambridge U. Press	Why Do Leaves Change Colour?	Rachel Griffiths	Cambridge Young Readers: Factbooks: Why is it so?	Level 3									N		NF		children	9780521137157					Yes				
CYRF3	Cambridge U. Press	Why Do Bridges Arch?	Rachel Griffiths	Cambridge Young Readers: Factbooks: Why is it so?	Level 3									N		NF		children	9780521137171					Yes				
CYRF3	Cambridge U. Press	Why Do Crocodiles Snap?	Peter Rees	Cambridge Young Readers: Factbooks: Why is it so?	Level 3									N		NF		children	9780521137188					Yes				
CYRF4	Cambridge U. Press	Why Do Swings Swing?	Peter Rees	Cambridge Young Readers: Factbooks: Why is it so?	Level 4									N		NF		children	9780521137201					Yes				
CYRF4	Cambridge U. Press	Why Do Magnets Attract?	Michael McMahon	Cambridge Young Readers: Factbooks: Why is it so?	Level 4									N		NF		children	9780521137218					Yes				
CYRF4	Cambridge U. Press	Why Do the Stars Shine?	Michael McMahon	Cambridge Young Readers: Factbooks: Why is it so?	Level 4									N		NF		children	9780521137232					Yes				
CYRF4	Cambridge U. Press	Why Do Spiders Live in Webs?	Nicolas Brasch	Cambridge Young Readers: Factbooks: Why is it so?	Level 4									N		NF		children	9780521137256					Yes				
CYRF4	Cambridge U. Press	Why Do Volcanoes Erupt?	Nicolas Brasch	Cambridge Young Readers: Factbooks: Why is it so?	Level 4									N		NF		children	9780521138383					Yes				
CYRF5	Cambridge U. Press	Why Do Shadows Change?	Nicolas Brasch	Cambridge Young Readers: Factbooks: Why is it so?	Level 5									N		NF		children	9780521137317					Yes				
CYRF5	Cambridge U. Press	Why Is It So Loud?	Nicolas Brasch	Cambridge Young Readers: Factbooks: Why is it so?	Level 5									N		NF		children	9780521137331					Yes				
CYRF5	Cambridge U. Press	Why Does Thunder Clap?	Michael McMahon	Cambridge Young Readers: Factbooks: Why is it so?	Level 5									N		NF		children	9780521137379					Yes				
CYRF5	Cambridge U. Press	Why Do Monkeys Chatter?	Helen Bethune	Cambridge Young Readers: Factbooks: Why is it so?	Level 5									N		NF		children	9780521137393					Yes				
CYRF5	Cambridge U. Press	Why Do Diamonds Glitter?	Helen Bethune	Cambridge Young Readers: Factbooks: Why is it so?	Level 5									N		NF		children	9780521137409					Yes				
CYRF6	Cambridge U. Press	Why Does My Heart Pump?	Helen Bethune	Cambridge Young Readers: Factbooks: Why is it so?	Level 6									N		NF		children	9780521137423					Yes				
CYRF6	Cambridge U. Press	Why Do Glaciers Move?	Helen Bethune	Cambridge Young Readers: Factbooks: Why is it so?	Level 6									N		NF		children	9780521137430					Yes				
CYRF6	Cambridge U. Press	Why Do Balls Bounce?	Rob Moore	Cambridge Young Readers: Factbooks: Why is it so?	Level 6									N		NF		children	9780521137447					Yes				
CYRF6	Cambridge U. Press	Why Does It Fly?	Rob Moore	Cambridge Young Readers: Factbooks: Why is it so?	Level 6									N		NF		children	9780521137478					Yes				
CYRF6	Cambridge U. Press	Why Does Electricity Flow?	Rob Moore	Cambridge Young Readers: Factbooks: Why is it so?	Level 6									N		NF		children	9780521137485					Yes				
CTR0	Cambridge U. Press	Day on the Farm, A	Luiz H. Rose, Maiza Fatureto, and Tereza Sekiya	Readers for Teens	Beginning					1,000 		E		N	2	F		teen	9780521043106					Yes				Only available in Brazil
CTR0	Cambridge U. Press	Birthday Present, The	Luiz H. Rose, Maiza Fatureto, and Tereza Sekiya	Readers for Teens	Beginning					1,000 		E		N	2	F		teen	9780521048453					Yes				Only available in Brazil
CTR0	Cambridge U. Press	Rock Concert for India, A	Patricia Chapin	Readers for Teens	Beginning					1,065 		A		Y	2	F		teen	9780521736916					Yes				Available anywhere
CTR1	Cambridge U. Press	Free Riders	Luiz H. Rose, Maiza Fatureto, and Tereza Sekiya	Readers for Teens	High Beginning					1,400 		E		N	2	F		teen	9780521048507					Yes				Only available in Brazil
CTR1	Cambridge U. Press	Lost in the Woods	Luiz H. Rose, Maiza Fatureto, and Tereza Sekiya	Readers for Teens	High Beginning					1,400 		E		N	2	F		teen	9780521043151					Yes				Only available in Brazil
CTR1	Cambridge U. Press	Twelve Things to Do at Age 12	Marcia Wuest	Readers for Teens	High Beginning					1,407 		A		Y	3	F		teen	9780521737333					Yes				Available anywhere
CTR2	Cambridge U. Press	Fishermen's Village, The	Luiz H. Rose, Maiza Fatureto, and Tereza Sekiya	Readers for Teens	2 Low Intermediate					1,700 		E		N	3	F		teen	9780521721417					Yes				Only available in Brazil
CTR2	Cambridge U. Press	Strange Noises	Luiz H. Rose, Maiza Fatureto, and Tereza Sekiya	Readers for Teens	2 Low Intermediate					1,700 		E		N	3	F		teen	9780521043304					Yes				Only available in Brazil
CTR2	Cambridge U. Press	Summer at the Zoo	Marcia Wuest	Readers for Teens	2 Low Intermediate					1,687 		A		Y	3	F		teen	9780521737357					Yes				Available anywhere
CTR3	Cambridge U. Press	Let's Do It Together	Luiz H. Rose, Maiza Fatureto, and Tereza Sekiya	Readers for Teens	3 Intermediate					2,000 		E		N	3	F		teen	9780521721424					Yes				Only available in Brazil
CTR3	Cambridge U. Press	Matter of Prejudice, A	Luiz H. Rose, Maiza Fatureto, and Tereza Sekiya	Readers for Teens	3 Intermediate					2,000 		E		N	3	F		teen	9780521043311					Yes				Only available in Brazil
CTR3	Cambridge U. Press	Storm, The	Patricia Chapin	Readers for Teens	3 Intermediate					1,964 		A		Y	3	F		teen	9780521737371					Yes				Available anywhere