Extensive Reading Foundation Graded Reader List																											
National Geographic Learning (Cengage/Heinle)					Level Info					Word count / Length				M-Reader		Genre & Audience			Publication Data								Further Information
ERF code	Publisher	Title ERF Language Learner Literature Awards: LLLA Winners in Red, Finalists in Blue	Author(s)	Series	Publisher level	Headwords	ERF level (E) Early (M) Mid (H) High	Common European Framework CEF level	Yomi- yasusa level (YL) Average	Word count  (body only)	Additional material wordcount	Actual or Estimated count?	Book length (Pages)	Quiz  Avaliable? (Y)es, (N)o,  (S)oon	MReader Reading Level [RL]	Fiction (F) Nonfiction (NF)	Genre mystery, adventure, love, horror, etc.	Target age group: children, teen, adult, etc.	ISBN A (without CD/CD-ROM)	ISBN B (with CD/CD-ROM)	ISBN C (?)	ISBN D (?)	ISBN E (?)	Copyright  Year	Year First Published	In print?	Notes on publishing history, awards, special features, etc.
BSR1	Cengage / Heinle	Happy Prince, The	Oscar Wilde, Retold by Gill Mackie	Bestseller Readers	Level 1	300 	Beginner (H)	A1	1.2-1.4	1,985		A	42	Y	3	F	Classic Novels	young learners / adult	978-960-7609-81-6	978-960-403-234-1				2000		Y	
BSR1	Cengage / Heinle	Heidi	Retold by Francesca Stafford	Bestseller Readers	Level 1	300 	Beginner (H)	A1	1.2-1.4	1,955		A	42	Y	3	F	Classic Novels	young learners / adult	978-960-403-334-8	978-960-403-569-4				2006		Y	
BSR2	Cengage / Heinle	Black Beauty	Liz Gardiner	Bestseller Readers	Level 2	600 	Elementary (M)	A2	1.8-2.0	4,002		A	42	Y	4	F	Classic Novels	young learners / adult	978-960-403-336-2	978-960-403-571-7				2008		Y	
BSR2	Cengage / Heinle	Voyages of Sinbad the Sailor, The	Retold by Peter Kipling	Bestseller Readers	Level 2	600 	Elementary (M)	A2	1.8-2.0	4,802		A	42	Y	4	F	Classic Novels	young learners / adult	978-960-760-985-4	978-960-403-233-4				2000		Y	
BSR3	Cengage / Heinle	Phoenix and the Carpet, The	Diana Korda	Bestseller Readers	Level 3	1,100 	Intermediate (M)	A2	2.5-3.0	5,892		A	58	Y	5	F	Classic Novels	young learners / adult	978-960-7609-82-3	978-960-403-232-7				2000		Y	
BSR3	Cengage / Heinle	Twelfth Night	Shakespeare, Retold by Sophia Zaphiropoulos	Bestseller Readers	Level 3	1,100 	Intermediate (M)	A2	2.5-3.0	6,086		A	58	Y	5	F	Classic Novels	young learners / adult	978-960-403-341-6	978-960-403-573-1				2008		Y	
BSR4	Cengage / Heinle	Three Muskeeters, The	Dumas, Retold by Diana Korda	Bestseller Readers	Level 4	1,500 	Intermediate (H)	B1	3.5-3.5	6,117		A	58	Y	6	F	Classic Novels	young learners / adult	978-960-7609-80-9	978-960-403-231-0				2000		Y	
BSR5	Cengage / Heinle	Connecticut Yankee in King Arthur's Court, A	Twain, Retold by Donald Domonkos	Bestseller Readers	Level 5	2,200 	Upper Int. (H)	B2	3.5-4.0	8,906		A	74	Y	6	F	Classic Novels	young learners / adult	978-960-7609-83-0	978-960-403-230-3				2000		Y	
BSR5	Cengage / Heinle	Great Expectations	Dickens, Retold by Katrina Gormley	Bestseller Readers	Level 5	2,200 	Upper Int. (H)	B2	3.5-4.0	9,263		A	66	Y	7	F	Classic Novels	young learners / adult	978-960-403-343-0	978-960-403-575-5				2008		Y	
BSR6	Cengage / Heinle	Heart of Darkness, The	Joseph Conrad	Bestseller Readers	Level 6	3,000 	Advanced (E)	C1	4.0-4.5	8,472		A	74	Y	7	F	Classic Novels	young learners / adult	978-960-7609-84-7	978-960-403-229-7				2000		Y	
CCC	Cengage / Heinle	Canterville Ghost, The	Oscar Wilde	Classical Comics / Classic Graphic Novel Collection	intermediate	1500-2400	Upper Int. (H)	B1/B2	3.0-3.5	5,356		A	144	N		F	Classic Novels	young learners / adult	978-1-4240-4299-9					2011		Y	
CCC	Cengage / Heinle	Christmas Carol, A	Charles Dickens	Classical Comics / Classic Graphic Novel Collection	intermediate	1500-2400	Upper Int. (H)	B1/B2	3.0-3.5	5,241		A	160	N		F	Classic Novels	young learners / adult	978-1-4240-4287-6					2011		Y	
CCC	Cengage / Heinle	Frankenstein	Mary Shelley	Classical Comics / Classic Graphic Novel Collection	intermediate	1500-2400	Upper Int. (H)	B1/B2	3.0-3.5	10,708		A	144	N		F	Classic Novels	young learners / adult	978-1-4240-3184-9					2010		Y	
CCC	Cengage / Heinle	Great Expectations	Charles Dickens	Classical Comics / Classic Graphic Novel Collection	intermediate	1500-2400	Upper Int. (H)	B1/B2	3.0-3.5	20,009		A	160	Y	6	F	Classic Novels	young learners / adult	978-1-4240-2882-5					2010		Y	
CCC	Cengage / Heinle	Henry V	William Shakespeare	Classical Comics / Classic Graphic Novel Collection	intermediate	1500-2400	Upper Int. (H)	B1/B2	3.0-3.5	13,280		A	144	N		F	Classic Novels	young learners / adult	978-1-4240-2877-1					2009		Y	
CCC	Cengage / Heinle	Jane Eyre	Charlotte Bronte	Classical Comics / Classic Graphic Novel Collection	intermediate	1500-2400	Upper Int. (H)	B1/B2	3.0-3.5	12,544		A	144	N		F	Classic Novels	young learners / adult	978-1-4240-2887-0					2010		Y	
CCC	Cengage / Heinle	Macbeth	William Shakespeare	Classical Comics / Classic Graphic Novel Collection	intermediate	1500-2400	Upper Int. (H)	B1/B2	3.0-3.5	7,904		A	144	N		F	Classic Novels	young learners / adult	978-1-4240-2873-3					2009		Y	
CCC	Cengage / Heinle	Romeo and Juliet	William Shakespeare	Classical Comics / Classic Graphic Novel Collection	intermediate	1500-2400	Upper Int. (H)	B1/B2	3.0-3.5	11,789		A	168	N		F	Classic Novels	young learners / adult	978-1-4240-4291-3					2011		Y	
CCC	Cengage / Heinle	Tempest, The	William Shakespeare	Classical Comics / Classic Graphic Novel Collection	intermediate	1500-2400	Upper Int. (H)	B1/B2	3.0-3.5	7,123		A	144	N		F	Classic Novels	young learners / adult	978-1-4240-4296-8					2011		Y	
CCC	Cengage / Heinle	Midsummer Night's Dream	William Shakespeare	Classical Comics / Classic Graphic Novel Collection	intermediate	1500-2400	Upper Int. (H)	B1/B2	3.0-3.5	8,528		A	144	N		F	Classic Novels	young learners / adult	978-1-111-83845-4					2012		Y	
CCC	Cengage / Heinle	Wuthering Heights	Emily Bronte	Classical Comics / Classic Graphic Novel Collection	intermediate	1500-2400	Upper Int. (H)	B1/B2	3.0-3.5	8,451		A	160	N		F	Classic Novels	young learners / adult	978-1-111-83885-0					2013		Y	
CCC	Cengage / Heinle	Dracula		Classical Comics / Classic Graphic Novel Collection	intermediate	1500-2400	Upper Int. (H)	B1/B2	3.0-3.5	In press				S		F	Classic Novels	young learners / adult	978-1-111-83849-2					2013		Y	LLLA FINALIST 2014
DEL1	Cengage / DELTA	Chariot Race, The	Lynne Benton	DELTA Adventures in English	Level 1	250 	Beginner (H)	pre-A1	0.8	852		A	32	Y		F	Narrative	younger learners		978-1-905085-45-3				2010		Y	
DEL1	Cengage / DELTA	Where's TOTO?	Elizabeth Laird	DELTA Adventures in English	Level 1	250 	Beginner (H)	pre-A1	0.8	938		A	32	Y		F	Narrative	younger learners		978-1-905085-50-7				2010		Y	
DEL2	Cengage / DELTA	Danny's Blog	Stephen Rabley	DELTA Adventures in English	Level 2	350 	Elementary (E)	A1	0.9	1,072		A	32	Y		F	Narrative	younger learners		978-1-905085-47-7				2010		Y	
DEL2	Cengage / DELTA	Red Rock	Stephen Rabley	DELTA Adventures in English	Level 2	350 	Elementary (E)	A1	0.9	1,194		A	32	Y		F	Narrative	younger learners		978-1-905085-48-4				2010		Y	
DEL3	Cengage / DELTA	Stranger in the Snow	Lynne Benton	DELTA Adventures in English	Level 3	600 	Elementary (M)	A2	1.0	987		A	32	Y		F	Narrative	younger learners		978-1-905085-49-1				2010		Y	
DEL3	Cengage / DELTA	Time Twins, The	Stephen Rabley	DELTA Adventures in English	Level 3	600 	Elementary (M)	A2	1.0	1,099		A	32	Y		F	Narrative	younger learners		978-1-905085-46-0				2010		Y	
FPR1	Cengage / Heinle	Alaskan Ice Climbing	National Geographic & Series Editor: Rob Waring	Footprints Reading Library	Level 1	800	Elementary (H)	A2	2.0-2.2	738	309 	A	24	Y	4	NF	Activities	young learners / adult	978-1-4240-1152-0					2008		Y	
FPR1	Cengage / Heinle	Arctic Whale Danger!	National Geographic & Series Editor: Rob Waring	Footprints Reading Library	Level 1	800	Elementary (H)	A2	2.0-2.2	715	312 	A	24	Y	4	NF	Animals	young learners / adult	978-1-4240-1142-1					2008		Y	
FPR1	Cengage / Heinle	Columbus & New World	National Geographic & Series Editor: Rob Waring	Footprints Reading Library	Level 1	800	Elementary (H)	A2	2.0-2.2	700	318 	A	24	Y	4	NF	People	young learners / adult	978-1-4240-1150-6					2008		Y	
FPR1	Cengage / Heinle	Don't Believe Your Eyes	National Geographic & Series Editor: Rob Waring	Footprints Reading Library	Level 1	800	Elementary (H)	A2	2.0-2.2	756	308 	A	24	Y	4	NF	Activities	young learners / adult	978-1-4240-1151-3					2008		Y	
FPR1	Cengage / Heinle	Dreamtime Painters	National Geographic & Series Editor: Rob Waring	Footprints Reading Library	Level 1	800	Elementary (H)	A2	2.0-2.2	694	325 	A	24	Y	4	NF	People	young learners / adult	978-1-4240-1149-0					2008		Y	
FPR1	Cengage / Heinle	Future of a Village	National Geographic & Series Editor: Rob Waring	Footprints Reading Library	Level 1	800	Elementary (H)	A2	2.0-2.2	703	316 	A	24	Y	4	NF	Places	young learners / adult	978-1-4240-1145-2					2008		Y	
FPR1	Cengage / Heinle	Giant's Causeway	National Geographic & Series Editor: Rob Waring	Footprints Reading Library	Level 1	800	Elementary (H)	A2	2.0-2.2	616	312 	A	24	Y	4	NF	Science	young learners / adult	978-1-4240-1154-4					2008		Y	
FPR1	Cengage / Heinle	Happy Elephants	National Geographic & Series Editor: Rob Waring	Footprints Reading Library	Level 1	800	Elementary (H)	A2	2.0-2.2	741	322 	A	24	Y	4	NF	Animals	young learners / adult	978-1-4240-1144-5					2008		Y	
FPR1	Cengage / Heinle	Life on the Orinoco	National Geographic & Series Editor: Rob Waring	Footprints Reading Library	Level 1	800	Elementary (H)	A2	2.0-2.2	635	324 	A	24	Y	4	NF	Places	young learners / adult	978-1-4240-1147-6					2008		Y	
FPR1	Cengage / Heinle	Lost City of Machu Picchu, The	National Geographic & Series Editor: Rob Waring	Footprints Reading Library	Level 1	800	Elementary (H)	A2	2.0-2.2	725	339 	A	24	Y	4	NF	Places	young learners / adult	978-1-4240-1146-9					2008		Y	
FPR1	Cengage / Heinle	Monkey Party	National Geographic & Series Editor: Rob Waring	Footprints Reading Library	Level 1	800	Elementary (H)	A2	2.0-2.2	660	316 	A	24	Y	4	NF	Animals	young learners / adult	978-1-4240-1143-8					2008		Y	
FPR1	Cengage / Heinle	Snow Magic!	National Geographic & Series Editor: Rob Waring	Footprints Reading Library	Level 1	800	Elementary (H)	A2	2.0-2.2	831	315 	A	24	Y	4	NF	Science	young learners / adult	978-1-4240-1156-8					2008		Y	
FPR1	Cengage / Heinle	Story of the Hula	National Geographic & Series Editor: Rob Waring	Footprints Reading Library	Level 1	800	Elementary (H)	A2	2.0-2.2	644	317 	A	24	Y	4	NF	Activities	young learners / adult	978-1-4240-1153-7					2008		Y	
FPR1	Cengage / Heinle	Volcano Trek	National Geographic & Series Editor: Rob Waring	Footprints Reading Library	Level 1	800	Elementary (H)	A2	2.0-2.2	705	302 	A	24	Y	4	NF	Science	young learners / adult	978-1-4240-1155-1					2008		Y	
FPR1	Cengage / Heinle	Young Riders of Mongolia, The	National Geographic & Series Editor: Rob Waring	Footprints Reading Library	Level 1	800	Elementary (H)	A2	2.0-2.2	629	322 	A	24	Y	4	NF	People	young learners / adult	978-1-4240-1148-3					2008		Y	
FPR2	Cengage / Heinle	Cheese-Rolling Races	National Geographic & Series Editor: Rob Waring	Footprints Reading Library	Level 2	1000	Intermediate (E)	A2	2.4-2.6	615	312 	A	24	Y	5	NF	Activities	young learners / adult	978-1-4240-1166-7					2008		Y	
FPR2	Cengage / Heinle	Dinosaur Search	National Geographic & Series Editor: Rob Waring	Footprints Reading Library	Level 2	1000	Intermediate (E)	A2	2.4-2.6	759	335 	A	24	Y	5	NF	Science	young learners / adult	978-1-4240-1169-8					2008		Y	
FPR2	Cengage / Heinle	Disappearing World, A	National Geographic & Series Editor: Rob Waring	Footprints Reading Library	Level 2	1000	Intermediate (E)	A2	2.4-2.6	887	315 	A	24	Y	5	NF	Places	young learners / adult	978-1-4240-1160-5					2008		Y	
FPR2	Cengage / Heinle	Farley the Red Panda	National Geographic & Series Editor: Rob Waring	Footprints Reading Library	Level 2	1000	Intermediate (E)	A2	2.4-2.6	790	316 	A	24	Y	5	NF	Animals	young learners / adult	978-1-4240-1158-2					2008		Y	LLLA WINNER 2009
FPR2	Cengage / Heinle	Gorilla Watching Tours	National Geographic & Series Editor: Rob Waring	Footprints Reading Library	Level 2	1000	Intermediate (E)	A2	2.4-2.6	832	302 	A	24	Y	5	NF	Animals	young learners / adult	978-1-4240-1157-5					2008		Y	
FPR2	Cengage / Heinle	Knife Markets of Sanaa, The	National Geographic & Series Editor: Rob Waring	Footprints Reading Library	Level 2	1000	Intermediate (E)	A2	2.4-2.6	646	320 	A	24	Y	5	NF	Places	young learners / adult	978-1-4240-1162-9					2008		Y	
FPR2	Cengage / Heinle	Last of the Cheju Divers, The	National Geographic & Series Editor: Rob Waring	Footprints Reading Library	Level 2	1000	Intermediate (E)	A2	2.4-2.6	699	328 	A	24	Y	5	NF	People	young learners / adult	978-1-4240-1165-0					2008		Y	
FPR2	Cengage / Heinle	Making a Thai Boxing Champion	National Geographic & Series Editor: Rob Waring	Footprints Reading Library	Level 2	1000	Intermediate (E)	A2	2.4-2.6	710	324 	A	24	Y	5	NF	Activities	young learners / adult	978-1-4240-1180-3					2008		Y	
FPR2	Cengage / Heinle	Memory Man, The 	National Geographic & Series Editor: Rob Waring	Footprints Reading Library	Level 2	1000	Intermediate (E)	A2	2.4-2.6	803	332 	A	24	Y	5	NF	Science	young learners / adult	978-1-4240-1170-4					2008		Y	
FPR2	Cengage / Heinle	Peruvian Weavers	National Geographic & Series Editor: Rob Waring	Footprints Reading Library	Level 2	1000	Intermediate (E)	A2	2.4-2.6	715	322 	A	24	Y	5	NF	People	young learners / adult	978-1-4240-1164-3					2008		Y	
FPR2	Cengage / Heinle	Puffin Rescue!	National Geographic & Series Editor: Rob Waring	Footprints Reading Library	Level 2	1000	Intermediate (E)	A2	2.4-2.6	641	319 	A	24	Y	5	NF	Animals	young learners / adult	978-1-4240-1171-1					2008		Y	
FPR2	Cengage / Heinle	Special Kind of Neighborhood, A	National Geographic & Series Editor: Rob Waring	Footprints Reading Library	Level 2	1000	Intermediate (E)	A2	2.4-2.6	940	326 	A	24	Y	5	NF	Places	young learners / adult	978-1-4240-1161-2					2008		Y	
FPR2	Cengage / Heinle	Taiko Master	National Geographic & Series Editor: Rob Waring	Footprints Reading Library	Level 2	1000	Intermediate (E)	A2	2.4-2.6	600	329 	A	24	Y	5	NF	People	young learners / adult	978-1-4240-1163-6					2008		Y	
FPR2	Cengage / Heinle	Water Sports Adventure	National Geographic & Series Editor: Rob Waring	Footprints Reading Library	Level 2	1000	Intermediate (E)	A2	2.4-2.6	776	325 	A	24	Y	5	NF	Activities	young learners / adult	978-1-4240-1167-4					2008		Y	
FPR2	Cengage / Heinle	Wild Animal Trackers	National Geographic & Series Editor: Rob Waring	Footprints Reading Library	Level 2	1000	Intermediate (E)	A2	2.4-2.6	772	330 	A	24	Y	5	NF	Science	young learners / adult	978-1-4240-1168-1					2008		Y	
FPR3	Cengage / Heinle	Adventure Capital the World, The 	National Geographic & Series Editor: Rob Waring	Footprints Reading Library	Level 3	1300	Intermediate (H)	B1	3.0-3.5	1,014	345 	A	24	Y	6	NF	Places	young learners / adult	978-1-4240-1174-2					2008		Y	
FPR3	Cengage / Heinle	Birds in Paradise	National Geographic & Series Editor: Rob Waring	Footprints Reading Library	Level 3	1300	Intermediate (H)	B1	3.0-3.5	864	332 	A	24	Y	6	NF	Animals	young learners / adult	978-1-4240-1159-9					2008		Y	
FPR3	Cengage / Heinle	Butler School	National Geographic & Series Editor: Rob Waring	Footprints Reading Library	Level 3	1300	Intermediate (H)	B1	3.0-3.5	1,525	352 	A	24	Y	6	NF	Places	young learners / adult	978-1-4240-1175-9					2008		Y	
FPR3	Cengage / Heinle	Cambodia Animal Rescue	National Geographic & Series Editor: Rob Waring	Footprints Reading Library	Level 3	1300	Intermediate (H)	B1	3.0-3.5	1,042	327 	A	24	Y	6	NF	Animals	young learners / adult	978-1-4240-1173-5					2008		Y	
FPR3	Cengage / Heinle	Dangerous Dining	National Geographic & Series Editor: Rob Waring	Footprints Reading Library	Level 3	1300	Intermediate (H)	B1	3.0-3.5	1,112	320 	A	24	Y	6	NF	Activities	young learners / adult	978-1-4240-1182-7					2008		Y	
FPR3	Cengage / Heinle	Flying Pumpkins	National Geographic & Series Editor: Rob Waring	Footprints Reading Library	Level 3	1300	Intermediate (H)	B1	3.0-3.5	733	322 	A	24	Y	6	NF	Activities	young learners / adult	978-1-4240-0846-9					2008		Y	
FPR3	Cengage / Heinle	Killer Bees	National Geographic & Series Editor: Rob Waring	Footprints Reading Library	Level 3	1300	Intermediate (H)	B1	3.0-3.5	1,349	329 	A	24	Y	6	NF	Science	young learners / adult	978-1-4240-1185-8					2008		Y	
FPR3	Cengage / Heinle	Living With a Volcano	National Geographic & Series Editor: Rob Waring	Footprints Reading Library	Level 3	1300	Intermediate (H)	B1	3.0-3.5	1,239	339 	A	24	Y	6	NF	People	young learners / adult	978-1-4240-1177-3					2008		Y	
FPR3	Cengage / Heinle	Making a Deal 	National Geographic & Series Editor: Rob Waring	Footprints Reading Library	Level 3	1300	Intermediate (H)	B1	3.0-3.5	912	333 	A	24	Y	6	NF	Activities	young learners / adult	978-1-4240-1181-0					2008		Y	
FPR3	Cengage / Heinle	Missing Snows of Kilimanjaro, The	National Geographic & Series Editor: Rob Waring	Footprints Reading Library	Level 3	1300	Intermediate (H)	B1	3.0-3.5	746	350 	A	24	Y	6	NF	Science	young learners / adult	978-1-4240-1184-1					2008		Y	
FPR3	Cengage / Heinle	Night Hunt	National Geographic & Series Editor: Rob Waring	Footprints Reading Library	Level 3	1300	Intermediate (H)	B1	3.0-3.5	1,126	367 	A	24	Y	6	NF	Animals	young learners / adult	978-1-4240-1172-8					2008		Y	
FPR3	Cengage / Heinle	One Boy's Journey 	National Geographic & Series Editor: Rob Waring	Footprints Reading Library	Level 3	1300	Intermediate (H)	B1	3.0-3.5	867	340 	A	24	Y	6	NF	People	young learners / adult	978-1-4240-1179-7					2008		Y	
FPR3	Cengage / Heinle	One Village Makes a Difference 	National Geographic & Series Editor: Rob Waring	Footprints Reading Library	Level 3	1300	Intermediate (H)	B1	3.0-3.5	946	347 	A	24	Y	6	NF	Places	young learners / adult	978-1-4240-1176-6					2008		Y	
FPR3	Cengage / Heinle	Real Winner, A	National Geographic & Series Editor: Rob Waring	Footprints Reading Library	Level 3	1300	Intermediate (H)	B1	3.0-3.5	1,239	346 	A	24	Y	6	NF	People	young learners / adult	978-1-4240-1178-0					2008		Y	
FPR3	Cengage / Heinle	Wind Power	National Geographic & Series Editor: Rob Waring	Footprints Reading Library	Level 3	1300	Intermediate (H)	B1	3.0-3.5	1,027	354 	A	24	Y	6	NF	Science	young learners / adult	978-1-4240-1183-4					2008		Y	
FPR4	Cengage / Heinle	Art of Silk Making, The	National Geographic & Series Editor: Rob Waring	Footprints Reading Library	Level 4	1600	Upper Int. (E)	B1	3.5-4.0	999	346 	A	24	Y	7	NF	Activities	young learners / adult	978-1-4240-1194-0					2008		Y	
FPR4	Cengage / Heinle	Blue Cows?	National Geographic & Series Editor: Rob Waring	Footprints Reading Library	Level 4	1600	Upper Int. (E)	B1	3.5-4.0	949	333 	A	24	Y	7	NF	Animals	young learners / adult	978-1-4240-0845-2					2008		Y	
FPR4	Cengage / Heinle	Capoeira: The Fighting Dance	National Geographic & Series Editor: Rob Waring	Footprints Reading Library	Level 4	1600	Upper Int. (E)	B1	3.5-4.0	975	388 	A	24	Y	7	NF	Activities	young learners / adult	978-1-4240-1195-7					2008		Y	
FPR4	Cengage / Heinle	Cupid the Dolphin	National Geographic & Series Editor: Rob Waring	Footprints Reading Library	Level 4	1600	Upper Int. (E)	B1	3.5-4.0	1,643	336 	A	24	Y	7	NF	Animals	young learners / adult	978-1-4240-1186-5					2008		Y	
FPR4	Cengage / Heinle	Gliding Across the Gobi	National Geographic & Series Editor: Rob Waring	Footprints Reading Library	Level 4	1600	Upper Int. (E)	B1	3.5-4.0	1,456	332 	A	24	Y	7	NF	Activities	young learners / adult	978-1-4240-1193-3					2008		Y	
FPR4	Cengage / Heinle	Lost Temples of the Maya, The	National Geographic & Series Editor: Rob Waring	Footprints Reading Library	Level 4	1600	Upper Int. (E)	B1	3.5-4.0	1,289	322 	A	24	Y	7	NF	Places	young learners / adult	978-1-4240-1345-6					2008		Y	
FPR4	Cengage / Heinle	Mount Fuji	National Geographic & Series Editor: Rob Waring	Footprints Reading Library	Level 4	1600	Upper Int. (E)	B1	3.5-4.0	1,178	355 	A	24	Y	7	NF	Places	young learners / adult	978-1-4240-1189-6					2008		Y	
FPR4	Cengage / Heinle	Olympians, The	National Geographic & Series Editor: Rob Waring	Footprints Reading Library	Level 4	1600	Upper Int. (E)	B1	3.5-4.0	1,091	346 	A	24	Y	7	NF	People	young learners / adult	978-1-4240-1191-9					2008		Y	
FPR4	Cengage / Heinle	One Woman's Choice	National Geographic & Series Editor: Rob Waring	Footprints Reading Library	Level 4	1600	Upper Int. (E)	B1	3.5-4.0	1,158	371 	A	24	Y	7	NF	People	young learners / adult	978-1-4240-1212-1					2008		Y	
FPR4	Cengage / Heinle	Orangutan Language	National Geographic & Series Editor: Rob Waring	Footprints Reading Library	Level 4	1600	Upper Int. (E)	B1	3.5-4.0	1,110	331 	A	24	Y	7	NF	Science	young learners / adult	978-1-4240-1196-4					2008		Y	
FPR4	Cengage / Heinle	Saving the Pandas!	National Geographic & Series Editor: Rob Waring	Footprints Reading Library	Level 4	1600	Upper Int. (E)	B1	3.5-4.0	1,460	358 	A	24	Y	7	NF	Science	young learners / adult	978-1-4240-1198-8					2008		Y	
FPR4	Cengage / Heinle	Solar Cooking	National Geographic & Series Editor: Rob Waring	Footprints Reading Library	Level 4	1600	Upper Int. (E)	B1	3.5-4.0	1,233	359 	A	24	Y	7	NF	Science	young learners / adult	978-1-4240-1197-1					2008		Y	
FPR4	Cengage / Heinle	Three Rivers of Zambia, The	National Geographic & Series Editor: Rob Waring	Footprints Reading Library	Level 4	1600	Upper Int. (E)	B1	3.5-4.0	943	338 	A	24	Y	7	NF	Places	young learners / adult	978-1-4240-1188-9					2008		Y	
FPR4	Cengage / Heinle	Wild Animal Town	National Geographic & Series Editor: Rob Waring	Footprints Reading Library	Level 4	1600	Upper Int. (E)	B1	3.5-4.0	1,023	343 	A	24	Y	7	NF	Animals	young learners / adult	978-1-4240-1187-2					2008		Y	
FPR4	Cengage / Heinle	Zoo Dentists	National Geographic & Series Editor: Rob Waring	Footprints Reading Library	Level 4	1600	Upper Int. (E)	B1	3.5-4.0	1,610	352 	A	24	Y	7	NF	People	young learners / adult	978-1-4240-1192-6					2008		Y	
FPR5	Cengage / Heinle	Beagle Patrol	National Geographic & Series Editor: Rob Waring	Footprints Reading Library	Level 5	1900	Upper Int. (M)	B2	4.0-4.5	1,254	375 	A	24	Y	7	NF	Animals	young learners / adult	978-1-4240-1199-5					2008		Y	
FPR5	Cengage / Heinle	Bird Girl	National Geographic & Series Editor: Rob Waring	Footprints Reading Library	Level 5	1900	Upper Int. (M)	B2	4.0-4.5	1,280	314 	A	24	Y	7	NF	People	young learners / adult	978-1-4240-0844-5					2008		Y	
FPR5	Cengage / Heinle	Chuckwagon Racing	National Geographic & Series Editor: Rob Waring	Footprints Reading Library	Level 5	1900	Upper Int. (M)	B2	4.0-4.5	2,191	356 	A	24	Y	7	NF	Activities	young learners / adult	978-1-4240-1205-3					2008		Y	
FPR5	Cengage / Heinle	Confucianism in China	National Geographic & Series Editor: Rob Waring	Footprints Reading Library	Level 5	1900	Upper Int. (M)	B2	4.0-4.5	1,021	430 	A	24	Y	7	NF	Places	young learners / adult	978-1-4240-1202-2					2008		Y	
FPR5	Cengage / Heinle	Giant Cave Crocs	National Geographic & Series Editor: Rob Waring	Footprints Reading Library	Level 5	1900	Upper Int. (M)	B2	4.0-4.5	2,425	371 	A	24	Y	7	NF	Animals	young learners / adult	978-1-4240-1200-8					2008		Y	
FPR5	Cengage / Heinle	Life of a Geisha, The	National Geographic & Series Editor: Rob Waring	Footprints Reading Library	Level 5	1900	Upper Int. (M)	B2	4.0-4.5	1,492	393 	A	24	Y	7	NF	People	young learners / adult	978-1-4240-1204-6 					2008		Y	
FPR5	Cengage / Heinle	Mysterious Crop Circles	National Geographic & Series Editor: Rob Waring	Footprints Reading Library	Level 5	1900	Upper Int. (M)	B2	4.0-4.5	1,570	373 	A	24	Y	7	NF	Science	young learners / adult	978-1-4240-1233-6					2008		Y	
FPR5	Cengage / Heinle	Opal Town, The	National Geographic & Series Editor: Rob Waring	Footprints Reading Library	Level 5	1900	Upper Int. (M)	B2	4.0-4.5	2,003	388 	A	24	Y	7	NF	Places	young learners / adult	978-1-4240-1201-5					2008		Y	
FPR5	Cengage / Heinle	Para-Life Rescue	National Geographic & Series Editor: Rob Waring	Footprints Reading Library	Level 5	1900	Upper Int. (M)	B2	4.0-4.5	1,419	390 	A	24	Y	7	NF	Activities	young learners / adult	978-1-4240-1206-0					2008		Y	LLLA Finalist 2010
FPR5	Cengage / Heinle	Tornado Chase	National Geographic & Series Editor: Rob Waring	Footprints Reading Library	Level 5	1900	Upper Int. (M)	B2	4.0-4.5	2,378	351 	A	24	Y	7	NF	Science	young learners / adult	978-1-4240-1208-4					2008		Y	
FPR6	Cengage / Heinle	Aquarium on Wheels	National Geographic & Series Editor: Rob Waring	Footprints Reading Library	Level 6	2200	Upper int. (H)	B2	4.5-5.0	1,617	411 	A	24	Y	8	NF	Science	young learners / adult	978-1-4240-1215-2					2009		Y	
FPR6	Cengage / Heinle	Black Diamonds of Province, The	National Geographic & Series Editor: Rob Waring	Footprints Reading Library	Level 6	2200	Upper int. (H)	B2	4.5-5.0	1,657	340 	A	24	Y	8	NF	Places	young learners / adult	978-1-4240-0847-6					2009		Y	
FPR6	Cengage / Heinle	Cheetahs in Focus	National Geographic & Series Editor: Rob Waring	Footprints Reading Library	Level 6	2200	Upper int. (H)	B2	4.5-5.0	2,633	358 	A	24	Y	8	NF	Animals	young learners / adult	978-1-4240-1210-7					2009		Y	
FPR6	Cengage / Heinle	Chinese Artist in Harlem, A	National Geographic & Series Editor: Rob Waring	Footprints Reading Library	Level 6	2200	Upper int. (H)	B2	4.5-5.0	1,550	381 	A	24	Y	8	NF	People	young learners / adult	978-1-4240-0638-0					2009		Y	
FPR6	Cengage / Heinle	Extreme Sky Diving	National Geographic & Series Editor: Rob Waring	Footprints Reading Library	Level 6	2200	Upper int. (H)	B2	4.5-5.0	2,545	386 	A	24	Y	8	NF	Activities	young learners / adult	978-1-4240-1214-5					2009		Y	
FPR6	Cengage / Heinle	Gauchos of Argentina, The	National Geographic & Series Editor: Rob Waring	Footprints Reading Library	Level 6	2200	Upper int. (H)	B2	4.5-5.0	2,227	369 	A	24	Y	8	NF	People	young learners / adult	978-1-4240-1203-9					2009		Y	
FPR6	Cengage / Heinle	Great Kite Fight, The	National Geographic & Series Editor: Rob Waring	Footprints Reading Library	Level 6	2200	Upper int. (H)	B2	4.5-5.0	2,647	390 	A	24	Y	8	NF	Activities	young learners / adult	978-1-4240-1213-8					2009		Y	
FPR6	Cengage / Heinle	How's the Weather?	National Geographic & Series Editor: Rob Waring	Footprints Reading Library	Level 6	2200	Upper int. (H)	B2	4.5-5.0	771	329 	A	24	Y	8	NF	Science	young learners / adult	978-1-4240-1216-9					2009		Y	LLLA Finalist 2008
FPR6	Cengage / Heinle	Polar Bears in Trouble	National Geographic & Series Editor: Rob Waring	Footprints Reading Library	Level 6	2200	Upper int. (H)	B2	4.5-5.0	1,551	365 	A	24	Y	8	NF	Animals	young learners / adult	978-1-4240-1231-2					2009		Y	
FPR6	Cengage / Heinle	Shark Alley	National Geographic & Series Editor: Rob Waring	Footprints Reading Library	Level 6	2200	Upper int. (H)	B2	4.5-5.0	2,619	390 	A	24	Y	8	NF	Places	young learners / adult	978-1-4240-1211-4					2009		Y	
FPR7	Cengage / Heinle	Amazing Human Body	National Geographic & Series Editor: Rob Waring	Footprints Reading Library	Level 7	2600	Advanced (E)	C1	5.0-5.5	1,525	413 	A	24	Y	8	NF	Science	young learners / adult	978-1-4240-1225-1					2009		Y	
FPR7	Cengage / Heinle	Canyaking Adventure	National Geographic & Series Editor: Rob Waring	Footprints Reading Library	Level 7	2600	Advanced (E)	C1	5.0-5.5	3,419	415 	A	24	Y	8	NF	Activities	young learners / adult	978-1-4240-1223-7					2009		Y	
FPR7	Cengage / Heinle	Dinosaur Builder	National Geographic & Series Editor: Rob Waring	Footprints Reading Library	Level 7	2600	Advanced (E)	C1	5.0-5.5	1,815	404 	A	24	Y	8	NF	People	young learners / adult	978-1-4240-1221-3					2009		Y	
FPR7	Cengage / Heinle	Exciting Streets of Barcelona, The	National Geographic & Series Editor: Rob Waring	Footprints Reading Library	Level 7	2600	Advanced (E)	C1	5.0-5.5	1,719	398 	A	24	Y	8	NF	Places	young learners / adult	978-1-4240-1220-6					2009		Y	
FPR7	Cengage / Heinle	Hidden Treasures of Egypt, The	National Geographic & Series Editor: Rob Waring	Footprints Reading Library	Level 7	2600	Advanced (E)	C1	5.0-5.5	2,447	459 	A	24	Y	8	NF	Places	young learners / adult	978-1-4240-1219-0					2009		Y	
FPR7	Cengage / Heinle	King of the Spiders, The	National Geographic & Series Editor: Rob Waring	Footprints Reading Library	Level 7	2600	Advanced (E)	C1	5.0-5.5	2,558	533 	A	24	Y	8	NF	Animals	young learners / adult	978-1-4240-1218-3					2009		Y	
FPR7	Cengage / Heinle	Koalas	National Geographic & Series Editor: Rob Waring	Footprints Reading Library	Level 7	2600	Advanced (E)	C1	5.0-5.5	1,716	389 	A	24	Y	8	NF	Animals	young learners / adult	978-1-4240-1217-6					2009		Y	
FPR7	Cengage / Heinle	Saving the Amazon Together	National Geographic & Series Editor: Rob Waring	Footprints Reading Library	Level 7	2600	Advanced (E)	C1	5.0-5.5	3,249	400 	A	24	Y	8	NF	Science	young learners / adult	978-1-4240-1226-8					2009		Y	
FPR7	Cengage / Heinle	Snake Detective	National Geographic & Series Editor: Rob Waring	Footprints Reading Library	Level 7	2600	Advanced (E)	C1	5.0-5.5	2,815	401 	A	24	Y	8	NF	People	young learners / adult	978-1-4240-1222-0					2009		Y	
FPR7	Cengage / Heinle	Spacewalk	National Geographic & Series Editor: Rob Waring	Footprints Reading Library	Level 7	2600	Advanced (E)	C1	5.0-5.5	1,208	405 	A	24	Y	8	NF	Activities	young learners / adult	978-1-4240-1224-4					2009		Y	
FPR8	Cengage / Heinle	Afghanistanâ€™s Heroic Artists	National Geographic & Series Editor: Rob Waring	Footprints Reading Library	Level 8	3000	Advanced (E)	C1	5.5-6.0	2,342	402 	A	24	Y	9	NF	People	young learners / adult	978-1-4240-1232-9					2009		Y	
FPR8	Cengage / Heinle	Alternative Energy	National Geographic & Series Editor: Rob Waring	Footprints Reading Library	Level 8	3000	Advanced (E)	C1	5.5-6.0	1,856	396 	A	24	Y	9	NF	Science	young learners / adult	978-1-4240-1236-7					2009		Y	
FPR8	Cengage / Heinle	Firewalking	National Geographic & Series Editor: Rob Waring	Footprints Reading Library	Level 8	3000	Advanced (E)	C1	5.5-6.0	2,336	361 	A	24	Y	9	NF	Activities	young learners / adult	978-1-4240-1234-3					2009		Y	
FPR8	Cengage / Heinle	Living in the Slow Lane	National Geographic & Series Editor: Rob Waring	Footprints Reading Library	Level 8	3000	Advanced (E)	C1	5.5-6.0	1,809	399 	A	24	Y	9	NF	Activities	young learners / adult	978-1-4240-1235-0					2009		Y	
FPR8	Cengage / Heinle	Mars on Earth	National Geographic & Series Editor: Rob Waring	Footprints Reading Library	Level 8	3000	Advanced (E)	C1	5.5-6.0	2,393	401 	A	24	Y	9	NF	Science	young learners / adult	978-1-4240-1207-7					2009		Y	
FPR8	Cengage / Heinle	Natacha's Animal Rescue	National Geographic & Series Editor: Rob Waring	Footprints Reading Library	Level 8	3000	Advanced (E)	C1	5.5-6.0	3,735	412 	A	24	Y	9	NF	People	young learners / adult	978-1-4240-1209-1					2009		Y	
FPR8	Cengage / Heinle	Orient Express	National Geographic & Series Editor: Rob Waring	Footprints Reading Library	Level 8	3000	Advanced (E)	C1	5.5-6.0	2,234	418 	A	24	Y	9	NF	Places	young learners / adult	978-1-4240-1230-5					2009		Y	
FPR8	Cengage / Heinle	Perfect Swarm, The	National Geographic & Series Editor: Rob Waring	Footprints Reading Library	Level 8	3000	Advanced (E)	C1	5.5-6.0	3,064	418 	A	24	Y	9	NF	Animals	young learners / adult	978-1-4240-1227-5					2009		Y	
FPR8	Cengage / Heinle	Red Devils	National Geographic & Series Editor: Rob Waring	Footprints Reading Library	Level 8	3000	Advanced (E)	C1	5.5-6.0	2,774	398 	A	24	Y	9	NF	Animals	young learners / adult	978-1-4240-1228-2					2009		Y	
FPR8	Cengage / Heinle	Varied Cultures of China, The	National Geographic & Series Editor: Rob Waring	Footprints Reading Library	Level 8	3000	Advanced (E)	C1	5.5-6.0	1,728	388 	A	24	Y	9	NF	Places	young learners / adult	978-1-4240-1229-9					2009		Y	
FRL1	Cengage / Heinle	Bad Dog? Good Dog!	Rob Waring & Maurice Jamall	Foundations Reading Library	Level 1	75 	Beginner (E)	pre-A1	0.6	622	x	A	16	Y	0	F	School Drama	younger learners	978-1-4130-2763-1					2006		Y	
FRL1	Cengage / Heinle	Get the Ball!	Rob Waring & Maurice Jamall	Foundations Reading Library	Level 1	75 	Beginner (E)	pre-A1	0.6	521	x	A	16	Y	0	F	School Drama	younger learners	978-1-4130-2764-8					2006		Y	
FRL1	Cengage / Heinle	Goodbye, Hello!	Rob Waring & Maurice Jamall	Foundations Reading Library	Level 1	75 	Beginner (E)	pre-A1	0.6	568	x	A	16	Y	0	F	School Drama	younger learners	978-1-4130-2761-7					2006		Y	
FRL1	Cengage / Heinle	Rain, Rain, Rain!	Rob Waring & Maurice Jamall	Foundations Reading Library	Level 1	75 	Beginner (E)	pre-A1	0.6	504	x	A	16	Y	0	F	School Drama	younger learners	978-1-4130-2762-4					2006		Y	
FRL1	Cengage / Heinle	Sarah's Surprise	Rob Waring & Maurice Jamall	Foundations Reading Library	Level 1	75 	Beginner (E)	pre-A1	0.6	526	x	A	16	Y	0	F	School Drama	younger learners	978-1-4130-2757-0					2006		Y	
FRL1	Cengage / Heinle	Tickets, The 	Rob Waring & Maurice Jamall	Foundations Reading Library	Level 1	75 	Beginner (E)	pre-A1	0.6	620	x	A	16	Y	0	F	School Drama	younger learners	978-1-4130-2765-5					2006		Y	
FRL2	Cengage / Heinle	Cave, The 	Rob Waring & Maurice Jamall	Foundations Reading Library	Level 2	100 	Beginner (E)	pre-A1	0.7	726	x	A	16	Y	0	F	School Drama	younger learners	978-1-4130-2780-8					2006		Y	
FRL2	Cengage / Heinle	New Guitar, The 	Rob Waring & Maurice Jamall	Foundations Reading Library	Level 2	100 	Beginner (E)	pre-A1	0.7	716	x	A	16	Y	0	F	School Drama	younger learners	978-1-4130-2776-1					2006		Y	
FRL2	Cengage / Heinle	Old Boat, New Boat	Rob Waring & Maurice Jamall	Foundations Reading Library	Level 2	100 	Beginner (E)	pre-A1	0.7	713	x	A	16	Y	0	F	School Drama	younger learners	978-1-4130-2779-2					2006		Y	
FRL2	Cengage / Heinle	Singer Wanted	Rob Waring & Maurice Jamall	Foundations Reading Library	Level 2	100 	Beginner (E)	pre-A1	0.7	648	x	A	16	Y	0	F	School Drama	younger learners	978-1-4130-2778-5					2006		Y	
FRL2	Cengage / Heinle	Sk8 for Jake	Rob Waring & Maurice Jamall	Foundations Reading Library	Level 2	100 	Beginner (E)	pre-A1	0.7	724	x	A	16	Y	0	F	School Drama	younger learners	978-1-4130-2775-4					2006		Y	
FRL2	Cengage / Heinle	Trouble at the Zoo	Rob Waring & Maurice Jamall	Foundations Reading Library	Level 2	100 	Beginner (E)	pre-A1	0.7	757	x	A	16	Y	0	F	School Drama	younger learners	978-1-4130-2777-8					2006		Y	
FRL3	Cengage / Heinle	Good Friend, A	Rob Waring & Maurice Jamall	Foundations Reading Library	Level 3	150 	Beginner (M)	pre-A1	0.8	980	x	A	16	Y	0	F	School Drama	younger learners	978-1-4130-2787-7					2006		Y	
FRL3	Cengage / Heinle	I Always Win!	Rob Waring & Maurice Jamall	Foundations Reading Library	Level 3	150 	Beginner (M)	pre-A1	0.8	681	x	A	16	Y	0	F	School Drama	younger learners	978-1-4130-2789-1					2006		Y	
FRL3	Cengage / Heinle	Kung Fu  Kid	Rob Waring & Maurice Jamall	Foundations Reading Library	Level 3	150 	Beginner (M)	pre-A1	0.8	762	x	A	16	Y	0	F	School Drama	younger learners	978-1-4130-2786-0					2006		Y	
FRL3	Cengage / Heinle	Quick Thinking	Rob Waring & Maurice Jamall	Foundations Reading Library	Level 3	150 	Beginner (M)	pre-A1	0.8	693	x	A	16	Y	0	F	School Drama	younger learners	978-1-4130-2788-4					2006		Y	
FRL3	Cengage / Heinle	Quiz Night	Rob Waring & Maurice Jamall	Foundations Reading Library	Level 3	150 	Beginner (M)	pre-A1	0.8	895	x	A	16	Y	0	F	School Drama	younger learners	978-1-4130-2784-6					2006		Y	
FRL3	Cengage / Heinle	Slam Dunk for Mark	Rob Waring & Maurice Jamall	Foundations Reading Library	Level 3	150 	Beginner (M)	pre-A1	0.8	771	x	A	16	Y	0	F	School Drama	younger learners	978-1-4130-2785-3					2006		Y	
FRL4	Cengage / Heinle	Do I Tell?	Rob Waring & Maurice Jamall	Foundations Reading Library	Level 4	200 	Beginner (M)	pre-A1	0.9	1,330	x	A	24	Y	1	F	School Drama	younger learners	978-1-4130-2794-5					2006		Y	
FRL4	Cengage / Heinle	Go Jimmy Go!	Rob Waring & Maurice Jamall	Foundations Reading Library	Level 4	200 	Beginner (M)	pre-A1	0.9	1,347	x	A	24	Y	1	F	School Drama	younger learners	978-1-4130-2793-8					2006		Y	
FRL4	Cengage / Heinle	I Spy	Rob Waring & Maurice Jamall	Foundations Reading Library	Level 4	200 	Beginner (M)	pre-A1	0.9	1,280	x	A	24	Y	1	F	School Drama	younger learners	978-1-4130-2792-1					2006		Y	
FRL4	Cengage / Heinle	Lost at Sea	Rob Waring & Maurice Jamall	Foundations Reading Library	Level 4	200 	Beginner (M)	pre-A1	0.9	1,405	x	A	24	Y	1	F	School Drama	younger learners	978-1-4130-2795-2					2006		Y	
FRL4	Cengage / Heinle	Mystery on the Island	Rob Waring & Maurice Jamall	Foundations Reading Library	Level 4	200 	Beginner (M)	pre-A1	0.9	1,422	x	A	24	Y	1	F	School Drama	younger learners	978-1-4130-2797-6					2007		Y	
FRL4	Cengage / Heinle	Shipwreck, The 	Rob Waring & Maurice Jamall	Foundations Reading Library	Level 4	200 	Beginner (M)	pre-A1	0.9	1,301	x	A	24	Y	1	F	School Drama	younger learners	978-1-4130-2796-9					2006		Y	
FRL5	Cengage / Heinle	Bear's Mouth, The 	Rob Waring & Maurice Jamall	Foundations Reading Library	Level 5	250 	Beginner (H)	A1	1.0-1.1	1,684	x	A	24	Y	1	F	School Drama	younger learners	978-1-4130-2887-4					2007		Y	
FRL5	Cengage / Heinle	Big Test, The 	Rob Waring & Maurice Jamall	Foundations Reading Library	Level 5	250 	Beginner (H)	A1	1.0-1.1	1,127	x	A	24	Y	1	F	School Drama	younger learners	978-1-4130-2883-6					2007		Y	
FRL5	Cengage / Heinle	Boys vs. Girls	Rob Waring & Maurice Jamall	Foundations Reading Library	Level 5	250 	Beginner (H)	A1	1.0-1.1	1,710	x	A	24	Y	1	F	School Drama	younger learners	978-1-4130-2885-0					2007		Y	
FRL5	Cengage / Heinle	Think Daniela!	Rob Waring & Maurice Jamall	Foundations Reading Library	Level 5	250 	Beginner (H)	A1	1.0-1.1	1,444	x	A	24	Y	1	F	School Drama	younger learners	978-1-4130-2886-7					2007		Y	
FRL5	Cengage / Heinle	Where's Lorena?	Rob Waring & Maurice Jamall	Foundations Reading Library	Level 5	250 	Beginner (H)	A1	1.0-1.1	1,636	x	A	24	Y	1	F	School Drama	younger learners	978-1-4130-2884-3					2007		Y	
FRL5	Cengage / Heinle	Who's Best?	Rob Waring & Maurice Jamall	Foundations Reading Library	Level 5	250 	Beginner (H)	A1	1.0-1.1	1,605	x	A	24	Y	1	F	School Drama	younger learners	978-1-4130-2882-9					2007		Y	
FRL6	Cengage / Heinle	Helping Hand, A	Rob Waring & Maurice Jamall	Foundations Reading Library	Level 6	300 	Beginner (H)	A1	1.1-1.3	2,477	x	A	32	Y	2	F	School Drama	younger learners	978-1-4130-2835-5					2007		Y	
FRL6	Cengage / Heinle	Does He Love Me?	Rob Waring & Maurice Jamall	Foundations Reading Library	Level 6	300 	Beginner (H)	A1	1.1-1.3	2,633	x	A	32	Y	2	F	School Drama	younger learners	978-1-4130-2834-8					2007		Y	
FRL6	Cengage / Heinle	Lost Wallet, The 	Rob Waring & Maurice Jamall	Foundations Reading Library	Level 6	300 	Beginner (H)	A1	1.1-1.3	2,590	x	A	32	Y	2	F	School Drama	younger learners	978-1-4130-2832-4					2007		Y	
FRL6	Cengage / Heinle	No, You Can't!	Rob Waring & Maurice Jamall	Foundations Reading Library	Level 6	300 	Beginner (H)	A1	1.1-1.3	2,345	x	A	32	Y	2	F	School Drama	younger learners	978-1-4130-2833-1					2007		Y	
FRL6	Cengage / Heinle	Old Promise, The 	Rob Waring & Maurice Jamall	Foundations Reading Library	Level 6	300 	Beginner (H)	A1	1.1-1.3	2,634	x	A	32	Y	2	F	School Drama	younger learners	978-1-4130-2837-9					2007		Y	
FRL6	Cengage / Heinle	Trouble at Sea	Rob Waring & Maurice Jamall	Foundations Reading Library	Level 6	300 	Beginner (H)	A1	1.1-1.3	2,301	x	A	32	Y	2	F	School Drama	younger learners	978-1-4130-2836-2					2007		Y	
FRL7	Cengage / Heinle	Do It!	Rob Waring & Maurice Jamall	Foundations Reading Library	Level 7	350 	Elementary (E)	A1	1.2-1.4	2,471	x	A	32	Y	2	F	School Drama	younger learners	978-1-4130-2889-8					2007		Y	
FRL7	Cengage / Heinle	Golden Monkey, The 	Rob Waring & Maurice Jamall	Foundations Reading Library	Level 7	350 	Elementary (E)	A1	1.2-1.4	2,852	x	A	32	Y	2	F	School Drama	younger learners	978-1-4130-2893-5					2007		Y	
FRL7	Cengage / Heinle	Let's Party!	Rob Waring & Maurice Jamall	Foundations Reading Library	Level 7	350 	Elementary (E)	A1	1.2-1.4	2,690	x	A	32	Y	2	F	School Drama	younger learners	978-1-4130-2888-1					2007		Y	
FRL7	Cengage / Heinle	Love Online	Rob Waring & Maurice Jamall	Foundations Reading Library	Level 7	350 	Elementary (E)	A1	1.2-1.4	2,926	x	A	32	Y	2	F	School Drama	younger learners	978-1-4130-2892-8					2007		Y	
FRL7	Cengage / Heinle	My Mom, the Movie Star	Rob Waring & Maurice Jamall	Foundations Reading Library	Level 7	350 	Elementary (E)	A1	1.2-1.4	2,892	x	A	32	Y	2	F	School Drama	younger learners	978-1-4130-2890-4					2007		Y	
FRL7	Cengage / Heinle	Secret Tunnel, The 	Rob Waring & Maurice Jamall	Foundations Reading Library	Level 7	350 	Elementary (E)	A1	1.2-1.4	2,285	x	A	32	Y	2	F	School Drama	younger learners	978-1-4130-2891-1					2007		Y	
ACCA	Cengage / Heinle	Frida Kahlo	Kristen Woronoff	Heinle Reading Library: Academic Content Colledtion, The            	Level A	600 	Elementary (M)	A2	2.3	2,282		A	32	N		NF	Non-fiction	young learners / adult	978-1-4240-0271-9					2002		Y	
ACCA	Cengage / Heinle	How Do I Become a Firefighter?	Mindi Rose Englart	Heinle Reading Library: Academic Content Colledtion, The            	Level A	600 	Elementary (M)	A2	2.3	2,821		A	32	N		NF	Non-fiction	young learners / adult	978-1-4240-0267-2					2002		Y	
ACCA	Cengage / Heinle	Pilgrims, The	Melanie Ann Apel	Heinle Reading Library: Academic Content Colledtion, The            	Level A	600 	Elementary (M)	A2	2.3	4,323		A	48	N		NF	Non-fiction	young learners / adult	978-1-4130-1804-2					2003		Y	
ACCA	Cengage / Heinle	Rain Forests	Melissa Cole	Heinle Reading Library: Academic Content Colledtion, The            	Level A	600 	Elementary (M)	A2	2.3	2,077		A	24	N		NF	Non-fiction	young learners / adult	978-1-4130-1800-4					2003		Y	
ACCA	Cengage / Heinle	Solar System, The	Don Nardo	Heinle Reading Library: Academic Content Colledtion, The            	Level A	600 	Elementary (M)	A2	2.3	5,082		A	48	N		NF	Non-fiction	young learners / adult	978-1-4130-1805-9					2003		Y	
ACCA	Cengage / Heinle	The Hopi	Marla Feikins Ryan & Linda Schmittroth	Heinle Reading Library: Academic Content Colledtion, The            	Level A	600 	Elementary (M)	A2	2.3	3,679		A	32	N		NF	Non-fiction	young learners / adult	978-1-4240-0268-9					2003		Y	
ACCB	Cengage / Heinle	Alexander Graham Bell	Deanne Durrett	Heinle Reading Library: Academic Content Colledtion, The            	Level B	1,300 	Intermediate (H)	B1	2.8	4,665		A	48	N		NF	Non-fiction	young learners / adult	978-1-4240-0252-8					2004		Y	
ACCB	Cengage / Heinle	Anne Frank	Voice of Hope	Heinle Reading Library: Academic Content Colledtion, The            	Level B	1,300 	Intermediate (H)	B1	2.8	2,538		A	32	N		NF	Non-fiction	young learners / adult	978-1-4240-0266-5					2002		Y	
ACCB	Cengage / Heinle	Arctic	Melissa Cole	Heinle Reading Library: Academic Content Colledtion, The            	Level B	1,300 	Intermediate (H)	B1	2.8	2,273		A	24	N		NF	Non-fiction	young learners / adult	978-1-4130-1798-4					2003		Y	
ACCB	Cengage / Heinle	Oregon Trail, The	Dana Meachen Rau	Heinle Reading Library: Academic Content Colledtion, The            	Level B	1,300 	Intermediate (H)	B1	2.8	5,407		A	48	N		NF	Non-fiction	young learners / adult	978-1-4130-1803-5					2002		Y	
ACCB	Cengage / Heinle	Photosynthesis	Bonnie Juettner	Heinle Reading Library: Academic Content Colledtion, The            	Level B	1,300 	Intermediate (H)	B1	2.8	4,798		A	48	N		NF	Non-fiction	young learners / adult	978-1-4240-0270-2					2005		Y	
ACCB	Cengage / Heinle	Space Travel	Don Nardo	Heinle Reading Library: Academic Content Colledtion, The            	Level B	1,300 	Intermediate (H)	B1	2.8	5,296		A	48	N		NF	Non-fiction	young learners / adult	978-1-4130-1801-1					2003		Y	
ACCC	Cengage / Heinle	Dolphins	Kris Hirschmann	Heinle Reading Library: Academic Content Colledtion, The            	Level C	1,900 	Upper Int. (M)	B2	3.3	4,827		A	48	N		NF	Non-fiction	young learners / adult	978-1-4130-1799-1					2004		Y	
ACCC	Cengage / Heinle	Energy	Bonnie Juettner	Heinle Reading Library: Academic Content Colledtion, The            	Level C	1,900 	Upper Int. (M)	B2	3.3	5,053		A	48	N		NF	Non-fiction	young learners / adult	978-1-4240-0269-6					2005		Y	
ACCC	Cengage / Heinle	Life in a Cave	Toney Allman	Heinle Reading Library: Academic Content Colledtion, The            	Level C	1,900 	Upper Int. (M)	B2	3.3	5,272		A	48	N		NF	Non-fiction	young learners / adult	978-1-4240-0265-8					2005		Y	
ACCC	Cengage / Heinle	Navajo, The	P. M. Boekhoff & Stuart A. Kallen	Heinle Reading Library: Academic Content Colledtion, The            	Level C	1,900 	Upper Int. (M)	B2	3.3	5,329		A	48	N		NF	Non-fiction	young learners / adult	978-1-4130-1802-8					2004		Y	
ACCC	Cengage / Heinle	Statue of Liberty, The	Craig A. Doherty & Katherine M. Doherty	Heinle Reading Library: Academic Content Colledtion, The            	Level C	1,900 	Upper Int. (M)	B2	3.3	7,880		A	48	N		NF	Non-fiction	young learners / adult	978-1-4130-1806-6					1997		Y	
ACCC	Cengage / Heinle	Tony Hawk	Raymond H. Miller	Heinle Reading Library: Academic Content Colledtion, The            	Level C	1,900 	Upper Int. (M)	B2	3.3	4,980		A	48	N		NF	Non-fiction	young learners / adult	978-1-4240-0253-5					2004		Y	
HBCA	Cengage / Heinle	Benjamin Franklin	Jack Kelly	Heinle Reading Library: Biography Collection, The            	Level A	600 	Elementary (M)	A2	3.6	21,241		A	240	N		NF	Biography	young learners / adult	978-1-4240-0531-4					2007		Y	
HBCA	Cengage / Heinle	Clara Barton	Eve Marko	Heinle Reading Library: Biography Collection, The            	Level A	600 	Elementary (M)	A2	3.6	21,239		A	240	N		NF	Biography	young learners / adult	978-1-4240-0532-1					2007		Y	
HBCB	Cengage / Heinle	Eleanor Roosevelt	Shannon Donnelly	Heinle Reading Library: Biography Collection, The            	Level B	1,300 	Intermediate (H)	B1	3.8	21,774		A	240	N		NF	Biography	young learners / adult	978-1-4240-0535-2					2007		Y	
HBCB	Cengage / Heinle	Jackie Robinson	Joshua E. Hanft	Heinle Reading Library: Biography Collection, The            	Level B	1,300 	Intermediate (H)	B1	3.8	21,702		A	240	N		NF	Biography	young learners / adult	978-1-4240-0564-2					2007		Y	
HBCC	Cengage / Heinle	Babe Ruth	Len Canter	Heinle Reading Library: Biography Collection, The            	Level C	1,900 	Upper Int. (M)	B2	4.0	21,401		A	240	N		NF	Biography	young learners / adult	978-1-4240-0530-7					2007		Y	
HBCC	Cengage / Heinle	George Washington	Marian Leighton	Heinle Reading Library: Biography Collection, The            	Level C	1,900 	Upper Int. (M)	B2	4.0	21,401		A	240	N		NF	Biography	young learners / adult	978-1-4240-0537-6					2007		Y	
HBCC	Cengage / Heinle	Martin Luther King, Jr.	Herb Boyd	Heinle Reading Library: Biography Collection, The            	Level C	1,900 	Upper Int. (M)	B2	4.0	22,592		A	240	N		NF	Biography	young learners / adult	978-1-4240-0546-8					2007		Y	
ICCA	Cengage / Heinle	Adventures of Huckleberry Finn, The	Mark Twain 	Heinle Reading Library: Illustrated Classics Collection, The	Level A	600 	Elementary (M)	A2	3.6	18,118		A	240	Y	5	F	Classic Novels	young learners / adult	978-1-4240-0542-0					2007		Y	
ICCA	Cengage / Heinle	Adventures of Tom Sawyer, The	Mark Twain 	Heinle Reading Library: Illustrated Classics Collection, The	Level A	600 	Elementary (M)	A2	3.6	16,017		A	240	Y	5	F	Classic Novels	young learners / adult	978-1-4240-0558-1					2007		Y	
ICCA	Cengage / Heinle	Aesop's Fables	Aesop	Heinle Reading Library: Illustrated Classics Collection, The	Level A	600 	Elementary (M)	A2	3.6	12,570		A	240	Y	5	F	Classic Novels	young learners / adult	978-0-7593-9615-9					2004		Y	
ICCA	Cengage / Heinle	Dracula	Bram Stoker 	Heinle Reading Library: Illustrated Classics Collection, The	Level A	600 	Elementary (M)	A2	3.6	24,118		A	240	Y	5	F	Classic Novels	young learners / adult	978-1-4240-0534-5					2007		Y	
ICCA	Cengage / Heinle	Invisible Man, The	H. G. Wells	Heinle Reading Library: Illustrated Classics Collection, The	Level A	600 	Elementary (M)	A2	3.6	17,396		A	240	Y	5	F	Classic Novels	young learners / adult	978-0-7593-9872-6					2004		Y	
ICCA	Cengage / Heinle	Jane Eyre	Charlotte Bronte	Heinle Reading Library: Illustrated Classics Collection, The	Level A	600 	Elementary (M)	A2	3.6	25,977		A	240	Y	5	F	Classic Novels	young learners / adult	978-1-4240-0543-7					2007		Y	
ICCA	Cengage / Heinle	Legend of Sleepy Hollow, The	Washington Irving	Heinle Reading Library: Illustrated Classics Collection, The	Level A	600 	Elementary (M)	A2	3.6	16,875		A	240	Y	5	F	Classic Novels	young learners / adult	978-0-7593-9616-6					2004		Y	
ICCA	Cengage / Heinle	Moby Dick	Herman Melville 	Heinle Reading Library: Illustrated Classics Collection, The	Level A	600 	Elementary (M)	A2	3.6	16,295		A	240	Y	5	F	Classic Novels	young learners / adult	978-0-7593-9869-6					2004		Y	
ICCA	Cengage / Heinle	Phantom of the Opera, The	Gaston Leroux	Heinle Reading Library: Illustrated Classics Collection, The	Level A	600 	Elementary (M)	A2	3.6	22,076		A	240	Y	5	F	Classic Novels	young learners / adult	978-1-4240-0549-9					2007		Y	
ICCA	Cengage / Heinle	Pollyanna	Eleanor Porter 	Heinle Reading Library: Illustrated Classics Collection, The	Level A	600 	Elementary (M)	A2	3.6	14,409		A	240	Y	5	F	Classic Novels	young learners / adult	978-1-4240-0550-5					2007		Y	
ICCA	Cengage / Heinle	Red Badge of Courage, The	Stephen Crane 	Heinle Reading Library: Illustrated Classics Collection, The	Level A	600 	Elementary (M)	A2	3.6	16,911		A	240	Y	5	F	Classic Novels	young learners / adult	978-0-7593-9875-7					2004		Y	
ICCA	Cengage / Heinle	Sherlock Holmes and the Case of Hounds of the Baskervilles	Arthur Conan Doyle 	Heinle Reading Library: Illustrated Classics Collection, The	Level A	600 	Elementary (M)	A2	3.6	15,785		A	240	Y	5	F	Classic Novels	young learners / adult	978-1-4240-0553-6					2007		Y	
ICCA	Cengage / Heinle	Strange Case of Dr. Jekyll and Mr. Hyde, The	Robert Louis Stevenson	Heinle Reading Library: Illustrated Classics Collection, The	Level A	600 	Elementary (M)	A2	3.6	16,752		A	240	Y	5	F	Classic Novels	young learners / adult	978-0-7593-9880-1					2004		Y	
ICCA	Cengage / Heinle	Tales of Mystery and Terror	Edgar Allan Poe	Heinle Reading Library: Illustrated Classics Collection, The	Level A	600 	Elementary (M)	A2	3.6	17,573		A	240	Y	5	F	Classic Novels	young learners / adult	978-1-4240-0554-3					2007		Y	
ICCA	Cengage / Heinle	Time Machine, The	H.G. Wells 	Heinle Reading Library: Illustrated Classics Collection, The	Level A	600 	Elementary (M)	A2	3.6	16,215		A	240	Y	5	F	Classic Novels	young learners / adult	978-1-4240-0562-8					2007		Y	
ICCA	Cengage / Heinle	Three Musketeers, The	Alexandre Dumas 	Heinle Reading Library: Illustrated Classics Collection, The	Level A	600 	Elementary (M)	A2	3.6	15,918		A	240	Y	5	F	Classic Novels	young learners / adult	978-1-4240-0557-4					2007		Y	
ICCB	Cengage / Heinle	Anne of Green Gables	L.M. Montgomery 	Heinle Reading Library: Illustrated Classics Collection, The	Level B	1,300 	Intermediate (H)	B1	3.8	16,569		A	240	Y	7	F	Classic Novels	young learners / adult	978-1-4240-0529-1					2007		Y	
ICCB	Cengage / Heinle	Call of the Wild, The	Jack London	Heinle Reading Library: Illustrated Classics Collection, The	Level B	1,300 	Intermediate (H)	B1	3.8	15,836		A	240	Y	7	F	Classic Novels	young learners / adult	978-0-7593-9883-2					2004		Y	
ICCB	Cengage / Heinle	David Copperfield	Charles Dickens	Heinle Reading Library: Illustrated Classics Collection, The	Level B	1,300 	Intermediate (H)	B1	3.8	17,884		A	240	Y	7	F	Classic Novels	young learners / adult	978-0-7593-9881-8					2004		Y	
ICCB	Cengage / Heinle	Heidi	Johanna Spyri	Heinle Reading Library: Illustrated Classics Collection, The	Level B	1,300 	Intermediate (H)	B1	3.8	15,903		A	240	Y	7	F	Classic Novels	young learners / adult	978-1-4240-0540-6					2007		Y	
ICCB	Cengage / Heinle	House of the Seven Gables, The	Nathaniel Hawthorne	Heinle Reading Library: Illustrated Classics Collection, The	Level B	1,300 	Intermediate (H)	B1	3.8	24,508		A	240	N	7	F	Classic Novels	young learners / adult	978-1-4240-0541-3					2007		Y	
ICCB	Cengage / Heinle	Ivanhoe	Walter Scott	Heinle Reading Library: Illustrated Classics Collection, The	Level B	1,300 	Intermediate (H)	B1	3.8	17,479		A	240	N	7	F	Classic Novels	young learners / adult	978-0-7593-9879-5					2004		Y	
ICCB	Cengage / Heinle	Journey to the Center of the Earth, A	Jules Verne	Heinle Reading Library: Illustrated Classics Collection, The	Level B	1,300 	Intermediate (H)	B1	3.8	17,053		A	240	N	7	F	Classic Novels	young learners / adult	978-0-7593-9885-6					2004		Y	
ICCB	Cengage / Heinle	King Arthur and the Knights of the Round Table	Howard Pyle 	Heinle Reading Library: Illustrated Classics Collection, The	Level B	1,300 	Intermediate (H)	B1	3.8	16,590		A	240	N	7	F	Classic Novels	young learners / adult	978-1-4240-0545-1					2007		Y	
ICCB	Cengage / Heinle	Man in the Iron Mask, The	Alexandre Dumas	Heinle Reading Library: Illustrated Classics Collection, The	Level B	1,300 	Intermediate (H)	B1	3.8	15,654		A	240	Y	7	F	Classic Novels	young learners / adult	978-1-4240-0544-4					2007		Y	
ICCB	Cengage / Heinle	Merry Adventures of Robin Hood, The	Howard Pyle 	Heinle Reading Library: Illustrated Classics Collection, The	Level B	1,300 	Intermediate (H)	B1	3.8	15,989		A	240	Y	7	F	Classic Novels	young learners / adult	978-1-4240-0551-2					2007		Y	
ICCB	Cengage / Heinle	Mutiny on the HMS Bounty, The	William Bligh 	Heinle Reading Library: Illustrated Classics Collection, The	Level B	1,300 	Intermediate (H)	B1	3.8	17,680		A	240	Y	7	F	Classic Novels	young learners / adult	978-1-4240-0548-2					2007		Y	
ICCB	Cengage / Heinle	Oliver Twist	Charles Dickens	Heinle Reading Library: Illustrated Classics Collection, The	Level B	1,300 	Intermediate (H)	B1	3.8	16,095		A	240	Y	7	F	Classic Novels	young learners / adult	978-1-4240-0547-5					2007		Y	
ICCB	Cengage / Heinle	Pride and Prejudice	Jane Austin	Heinle Reading Library: Illustrated Classics Collection, The	Level B	1,300 	Intermediate (H)	B1	3.8	20,973		A	240	Y	7	F	Classic Novels	young learners / adult	978-0-7593-9876-4					2004		Y	
ICCB	Cengage / Heinle	Prince and the Pauper, The	Mark Twain 	Heinle Reading Library: Illustrated Classics Collection, The	Level B	1,300 	Intermediate (H)	B1	3.8	17,594		A	240	Y	7	F	Classic Novels	young learners / adult	978-1-4240-0556-7					2007		Y	
ICCB	Cengage / Heinle	Secret Garden, The	Frances Hodgson Burnett 	Heinle Reading Library: Illustrated Classics Collection, The	Level B	1,300 	Intermediate (H)	B1	3.8	17,969		A	240	Y	7	F	Classic Novels	young learners / adult	978-1-4240-0552-9					2007		Y	
ICCB	Cengage / Heinle	Treasure Island	Robert Louis Stevenson	Heinle Reading Library: Illustrated Classics Collection, The	Level B	1,300 	Intermediate (H)	B1	3.8	15,083		A	240	Y	7	F	Classic Novels	young learners / adult	978-0-7593-9870-2					2004		Y	
ICCC	Cengage / Heinle	20,000 Leagues Under the Sea	Jules Verne 	Heinle Reading Library: Illustrated Classics Collection, The	Level C	1,900 	Upper Int. (M)	B2	4.0	16,432		A	240	N	8	F	Classic Novels	young learners / adult	978-0-7593-9613-5					2004		Y	
ICCC	Cengage / Heinle	Adventure of Sherlock Holmes, The	Arthur Conan Doyle	Heinle Reading Library: Illustrated Classics Collection, The	Level C	1,900 	Upper Int. (M)	B2	4.0	18,525		A	240	N	8	F	Classic Novels	young learners / adult	978-0-7593-9874-0					2004		Y	
ICCC	Cengage / Heinle	Black Beauty	Anna Sewell	Heinle Reading Library: Illustrated Classics Collection, The	Level C	1,900 	Upper Int. (M)	B2	4.0	15,818		A	240	N	8	F	Classic Novels	young learners / adult	978-0-7593-9884-9					2004		Y	
ICCC	Cengage / Heinle	Christmas Carol, A	Charles Dickens	Heinle Reading Library: Illustrated Classics Collection, The	Level C	1,900 	Upper Int. (M)	B2	4.0	17,496		A	240	N	8	F	Classic Novels	young learners / adult	978-0-7593-9886-3					2004		Y	
ICCC	Cengage / Heinle	Count of Monte Cristo, The	Alexandre Dumas	Heinle Reading Library: Illustrated Classics Collection, The	Level C	1,900 	Upper Int. (M)	B2	4.0	16,803		A	240	N	8	F	Classic Novels	young learners / adult	978-1-4240-0533-8					2007		Y	
ICCC	Cengage / Heinle	Frankenstein	Mary Shelley 	Heinle Reading Library: Illustrated Classics Collection, The	Level C	1,900 	Upper Int. (M)	B2	4.0	17,261		A	240	N	8	F	Classic Novels	young learners / adult	978-1-4240-0536-9					2007		Y	
ICCC	Cengage / Heinle	Great Expectations	Charles Dickens 	Heinle Reading Library: Illustrated Classics Collection, The	Level C	1,900 	Upper Int. (M)	B2	4.0	18,492		A	240	N	8	F	Classic Novels	young learners / adult	978-1-4240-0538-3					2007		Y	
ICCC	Cengage / Heinle	Gulliverâ€™s Travels	Jonathan Swift 	Heinle Reading Library: Illustrated Classics Collection, The	Level C	1,900 	Upper Int. (M)	B2	4.0	18,294		A	240	N	8	F	Classic Novels	young learners / adult	978-1-4240-0539-0					2007		Y	
ICCC	Cengage / Heinle	Hunchback of Notre Dame, The	Victor Hugo 	Heinle Reading Library: Illustrated Classics Collection, The	Level C	1,900 	Upper Int. (M)	B2	4.0	17,510		A	240	N	8	F	Classic Novels	young learners / adult	978-1-4240-0555-0					2007		Y	
ICCC	Cengage / Heinle	Little Princess, A	Frances Hodgson Burnett 	Heinle Reading Library: Illustrated Classics Collection, The	Level C	1,900 	Upper Int. (M)	B2	4.0	24,852		A	240	N	8	F	Classic Novels	young learners / adult	978-1-4240-0527-7					2007		Y	
ICCC	Cengage / Heinle	Little Women	Louisa May Alcott	Heinle Reading Library: Illustrated Classics Collection, The	Level C	1,900 	Upper Int. (M)	B2	4.0	15,993		A	240	N	8	F	Classic Novels	young learners / adult	978-0-7593-9878-8					2004		Y	
ICCC	Cengage / Heinle	Rebecca of Sunnybrook Farm	Kate Douglas Wiggin 	Heinle Reading Library: Illustrated Classics Collection, The	Level C	1,900 	Upper Int. (M)	B2	4.0	17,128		A	240	N	8	F	Classic Novels	young learners / adult	978-1-4240-0563-5					2007		Y	
ICCC	Cengage / Heinle	Swiss Family Robinson, The	Johann Wyss	Heinle Reading Library: Illustrated Classics Collection, The	Level C	1,900 	Upper Int. (M)	B2	4.0	17,176		A	240	N	8	F	Classic Novels	young learners / adult	978-0-7593-9873-3					2004		Y	
ICCC	Cengage / Heinle	Tale of Two Cities, A	Charles Dickens 	Heinle Reading Library: Illustrated Classics Collection, The	Level C	1,900 	Upper Int. (M)	B2	4.0	17,421		A	240	N	8	F	Classic Novels	young learners / adult	978-1-4240-0528-4					2007		Y	
ICCC	Cengage / Heinle	War of the Worlds, The	H.G. Wells 	Heinle Reading Library: Illustrated Classics Collection, The	Level C	1,900 	Upper Int. (M)	B2	4.0	17,477		A	240	N	8	F	Classic Novels	young learners / adult	978-1-4240-0559-8					2007		Y	
ICCC	Cengage / Heinle	White Fang	Jack London	Heinle Reading Library: Illustrated Classics Collection, The	Level C	1,900 	Upper Int. (M)	B2	4.0	17,611		A	240	N	8	F	Classic Novels	young learners / adult	978-1-4240-0560-4					2007		Y	
ICCC	Cengage / Heinle	Wind in the Willows, The	Kenneth Grahame 	Heinle Reading Library: Illustrated Classics Collection, The	Level C	1,900 	Upper Int. (M)	B2	4.0	18,038		A	240	N	8	F	Classic Novels	young learners / adult	978-1-4240-0561-1					2007		Y	
CPT1	Cengage / Heinle	Come Home	Sue Leather and Julian Thomlinson	Page Turners	Level 1	200 	Beginner (M)	pre-A1	1.2	3,558		A	38	Y	1	F	Human interest / Romance	young learners / adult	978-1-4240-4662-1					2011		Y	
CPT1	Cengage / Heinle	Roommates	Sue Leather and Julian Thomlinson	Page Turners	Level 1	200 	Beginner (M)	pre-A1	1.2	4,217		A	46	Y	1	F	Human interest	young learners / adult	978-1-4240-4897-7					2011		Y	LLLA Finalist 2012
CPT1	Cengage / Heinle	Soccer Crazy	Sue Leather and Julian Thomlinson	Page Turners	Level 1	200 	Beginner (M)	pre-A1	1.2	3,339		A	30	Y	1	F	Human Interest / Drama	young learners / adult	978-1-4240-4653-9					2011		Y	
CPT1		Somebody Better	Julian Thomlinson	Page Turners	Level 3	200 	Beginner (M)	pre-A1	1.2	3,401		A	30	Y	3	F	Human Interest / Romance	young learners / adult	978-1-4240-4641-6							Y	
CPT2	Cengage / Heinle	Beautiful Game, The	Sue Leather and Julian Thomlinson	Page Turners	Level 2	300 	Beginner (H)	pre-A1	1.4	4,580		A	38	Y	2	F	Human interest / Romance	young learners / adult	978-1-4240-4877-9					2011		Y	
CPT2	Cengage / Heinle	Hacker	Sue Leather and Julian Thomlinson	Page Turners	Level 2	300 	Beginner (H)	pre-A1	1.4	4,009		A	38	Y	2	F	Human Interest / Drama	young learners / adult	978-1-4240-4649-2					2011		Y	
CPT2		He's Mine	Julian Thomlinson	Page Turners	Level 2	300 	Beginner (H)	pre-A1	1.4	4,330		A	38	Y	2	F	Human interest / Romance	young learners / adult	978-1-4240-4663-8								
CPT2		It's Just a Cat	Julian Thomlinson	Page Turners	Level 2	300 	Beginner (H)	pre-A1	1.4	3,376		A	38	Y	2	F	Human interest / Drama	young learners / adult	978-1-4240-4888-5								
CPT2		Road Trip	Sue Leather	Page Turners	Level 2	200 	Beginner (M)	pre-A1	1.4	3,604		A	30	Y	2	F	Human Interest / Drama	young learners / adult	978-1-4240-4883-0							Y	
CPT2	Cengage / Heinle	You Just Don't Know Her	Sue Leather and Julian Thomlinson	Page Turners	Level 2	300 	Beginner (H)	pre-A1	1.4	3,862		A	38	Y	2	F	Human interest / Romance	young learners / adult	978-1-4240-4648-5					2011		Y	
CPT3	Cengage / Heinle	Angels, The	Sue Leather and Julian Thomlinson	Page Turners	Level 3	400 	Elementary (E)	A1	1.8	4,274		A	38	Y	3	F	Human interest / Drama	young learners / adult	978-1-4240-4638-6					2012		Y	
CPT3	Cengage / Heinle	Kitchen Love Story, A	Sue Leather and Julian Thomlinson	Page Turners	Level 3	400 	Elementary (E)	A1	1.8	4,261		A	46	Y	3	F	Human interest / Romance	young learners / adult	978-1-4240-4639-3					2011		Y	
CPT3		Lift, The	Julian Thomlinson	Page Turners	Level 3	400 	Elementary (E)	A1	1.8	4,796		A	38	Y	3	F	Human interest / Drama	young learners / adult	978-1-4240-4887-8 							Y	LLLA FINALIST 2016
CPT3	Cengage / Heinle	Running Free	Sue Leather and Julian Thomlinson	Page Turners	Level 3	400 	Elementary (E)	A1	1.8	4,916		A	46	Y	3	F	Human interest / Action	young learners / adult	978-1-4240-4638-6					2011		Y	LLLA Finalist 2012
CPT3		Second Chances	Sue Leather	Page Turners	Level 3	400 	Elementary (E)	A1	1.8	4,654		A	38	Y	3	F	Human interest / Drama	young learners / adult	978-1-4240-4642-3 							Y	
CPT4	Cengage / Heinle	All About the Music	Julian Thomlinson	Page Turners	Level 4	550 	Elementary (M)	A1	2.0	5,209		A	46	Y	4	F	Human interest / Romance	young learners / adult	978-1-4240-4643-0					2012		Y	
CPT4	Cengage / Heinle	All or Nothing	Julian Thomlinson	Page Turners	Level 4	550 	Elementary (M)	A1	2.0	4,383		A	46	Y	4	F	Human Interest / Drama	young learners / adult	978-1-4240-4647-8 							Y	
CPT4	Cengage / Heinle	Bigfoot	Julian Thomlinson	Page Turners	Level 4	550 	Elementary (M)	A1	2.0	5,404		A	46	Y	4	F	Mystery	young learners / adult	978-1-4240-4643-0					2012		Y	
CPT4	Cengage / Heinle	Heart of a Fighter	Sue Leather and Julian Thomlinson	Page Turners	Level 4	550 	Elementary (M)	A1	2.0	5,333		A	46	Y	4	F	Human interest / Action	young learners / adult	978-1-4240-4643-0					2011		Y	
CPT4	Cengage / Heinle	Trust	Sue Leather and Julian Thomlinson	Page Turners	Level 4	550 	Elementary (M)	A1	2.0	5,607		A	46	Y	4	F	Human Interest / Drama	young learners / adult	978-1-4240-4644-7					2011		Y	
CPT5	Cengage / Heinle	400, The	Sue Leather	Page Turners	Level 5	700 	Elementary (H)	A1/A2	2.4-2.6	6,458		A	62	Y	4	F	Human Interest	young learners / adult	978-1-4240-1843-7 							Y	
CPT5	Cengage / Heinle	Dino Nightmare	Julian Thomlinson	Page Turners	Level 5	700 	Elementary (H)	A1/A2	2.4-2.6	6,087		A	62	Y	4	F	Science  Fiction	young learners / adult	978-1-4240-4652-2 							Y	
CPT5	Cengage / Heinle	Gone	Julian Thomlinson	Page Turners	Level 5	700 	Elementary (H)	A1/A2	2.4-2.6	6,484		A	62	Y	4	F	Human interest / Thriller	young learners / adult	978-1-4240-4873-1 							Y	
CPT5	Cengage / Heinle	Secret Beach, The	Jane Rollason	Page Turners	Level 5	700 	Elementary (H)	A1/A2	2.4-2.6	6,401		A	62	Y	4	F	Human interest / Romance	young learners / adult	978-1-4240-1842-0					2011		Y	
CPT6	Cengage / Heinle	Picture in the Attic, The	Richard MacAndrew and Cathy Lawday	Page Turners	Level 6	900 	Intermediate (E)	A2	2.6-2.8	9,373		A	62	Y	5	F	Thriller	young learners / adult	978-1-4240-1795-9					2011		Y	
CPT6	Cengage / Heinle	Three Tales of Feadly Desire	Pamela Pollack and Meg Belviso	Page Turners	Level 6	900 	Intermediate (E)	A2	2.6-2.8	8,542		A	62	Y	5	F	Horror /Human Drama	young learners / adult	978-1-4240-4654-6							Y	
CPT6	Cengage / Heinle	Choice, The	Sue Leather	Page Turners	Level 6	900 	Intermediate (E)	A2	2.6-2.8	5,799		A	62	Y	5	F	Human Interest	young learners / adult	978-1-4240-4655-3							Y	
CPT6	Cengage / Heinle	Best Friends	Margaret Johnson	Page Turners	Level 6	900 	Intermediate (E)	A2	2.6-2.8	7,994		A	62	Y	5	F	Human interest / Romance	young learners / adult	978-1-4240-4650-8							Y	
CPT7	Cengage / Heinle	Dead Before Midnight	Pamela Pollack and Meg Belviso	Page Turners	Level 7	1,100 	Intermediate (H)	B1	2.8-3.0	8,575		A	62	Y	6	F	Horror /Human Drama	young learners / adult	978-1-4240-1841-3					2011		Y	
CPT7	Cengage / Heinle	Nature	Margaret Johnson	Page Turners	Level 7	1,100 	Intermediate (H)	B1	2.8-3.0	8,246		A	64	Y	6	F	Human interest / Romance	young learners / adult	978-1-4240-4658-4					2011		Y	
CPT7	Cengage / Heinle	A New Song for Nina	Fiona Joseph	Page Turners	Level 7	1,100 	Intermediate (H)	B1	2.8-3.0	7,990		A	64	Y	6	F	Human interest / Romance	young learners / adult	978-1-4240-4659-1 							Y	LLLA WINNER 2016
CPT8	Cengage / Heinle	Danny Dark	Margaret Johnson	Page Turners	Level 8	1,300 	Intermediate (H)	B1	3.2-3.4	14,755		A	78	Y	6	F	Human interest / Romance	young learners / adult	978-1-4240-1793-5					2011		Y	
CPT8	Cengage / Heinle	Light	Sue Leather	Page Turners	Level 8	1,300 	Intermediate (H)	B1	3.2-3.4	12,906		A	86	Y	6	F	Thriller / Drama	young learners / adult	978-1-4240-4664-5					2011		Y	
CPT8	Cengage / Heinle	Kilimanjaro	Margaret Johnson	Page Turners	Level 8	1,300 	Intermediate (H)	B1	3.2-3.4	15,721		A	86	Y	6	F	Human interest / Drama	young learners / adult	978-1-4240-4875-5 							Y	LLLA WINNER 2015
CPT8	Cengage / Heinle	Man from the Sky, The	Julian Thomlinson	Page Turners	Level 8	1,300 	Intermediate (H)	B1	3.2-3.4	9,543		A	86	Y	6	F	Science  Fiction	young learners / adult	978-1-4240-4651-5 							Y	
CPT9	Cengage / Heinle	Bad Blood	Sue Leather	Page Turners	Level 9	1,600 	Upper Int. (E)	B1	3.6-3.8	15,141		A	94	Y	7	F	Crime / Thriller	young learners / adult	978-1-4240-1839-0					2011		Y	
CPT9	Cengage / Heinle	Long Road to Lucca, The	Irene Barrall	Page Turners	Level 9	1,600 	Upper Int. (E)	B1	3.6-3.8	15,855		A	94	Y	7	F	Human interest / Romance	young learners / adult	978-1-4240-4876-2					2011		Y	
CPT9	Cengage / Heinle	Resistance	Andrew Watson	Page Turners	Level 9	1,600 	Upper Int. (E)	B1	3.6-3.8	8,533		A	94	Y	7	F	Action / Drama	young learners / adult	978-1-4240-4890-8 							Y	
CPT9	Cengage / Heinle	Yellow Field, The	Andrew Watson	Page Turners	Level 9	1,600 	Upper Int. (E)	B1	3.6-3.8	11,825		A	94	Y	7	F	Mystery / Thriller	young learners / adult	978-1-4240-4874-8 							Y	
CPT10	Cengage / Heinle	Joe Faust	Frank Brennan	Page Turners	Level 10	1,900 	Upper Int. (M)	B2	4.0-4.2	14,331		A	78	Y	7	F	Mystery / Thriller	young learners / adult	978-1-4240-1796-6					2011		Y	LLLA WINNER 2012
CPT10	Cengage / Heinle	Reunited	Irene Barrall	Page Turners	Level 10	1,900 	Upper Int. (M)	B2	4.0-4.2	17,648		A	94	Y	7	F	Mystery / Drama	young learners / adult	978-1-4240-1840-6					2011		Y	
CPT10	Cengage / Heinle	Boathouse, The	Margaret Johnson	Page Turners	Level 10	1,900 	Upper Int. (M)	B2	4.0-4.2	14,869		A	94	Y	7	F	Horror / Drama	young learners / adult	978-1-4240-4885-4 							Y	
CPT10	Cengage / Heinle	Samurai	Julian Thomlinson	Page Turners	Level 10	1,900 	Upper Int. (M)	B2	4.0-4.2	16,588		A	94	Y	7	F	Action/Romance	young learners / adult	978-1-4240-4884-7					2013		Y	
CPT11	Cengage / Heinle	Mercy Killer	Andrew Watson	Page Turners	Level 11	2,200 	Upper Int. (H)	B2	4.4-4.6	19,443		A	110	Y	8	F	Thriller	young learners / adult	978-1-4240-1794-2					2011		Y	
CPT11	Cengage / Heinle	Art of Fear, The	Irene Barrall	Page Turners	Level 11	2,200 	Upper Int. (H)	B2	4.4-4.6	17,391		A	110	Y	8	F	Mystery / Thriller	young learners / adult	978-1-4240-1838-3							Y	
CPT11	Cengage / Heinle	Control Order 351	Antoinette Moses	Page Turners	Level 11	2,200 	Upper Int. (H)	B2	4.4-4.6	15,761		A	110	Y	8	F	Action / Drama	young learners / adult	978-1-4240-4889-2							Y	
CPT11	Cengage / Heinle	Battle for Big Tree Country	Gregory Strong	Page Turners	Level 11	2,200 	Upper Int. (H)	B2	4.4-4.6	16,236		A	110	Y	8	F	Human Interest / Drama	young learners / adult	978-1-4240-4886-1							Y	LLLA WINNER 2016
CPT12	Cengage / Heinle	Oscar's Journey	Fiona Joseph	Page Turners	Level 12	2,600 	Advanced (E)	B2/C1	4.8-5.0	18,039		A	102	Y	8	F	Human Interest / Drama	young learners / adult	978-1-4240-4893-9					2013		Y	LLLA FINALIST 2014
CPT12	Cengage / Heinle	Deadly Truth	Andrew Watson	Page Turners	Level 12	2,600 	Advanced (E)	B2/C1	4.8-5.0	23,960		A	142	Y	8	F	Mystery / Thriller	young learners / adult	978-1-4240-4891-5					2011		Y	
CPT12	Cengage / Heinle	The Stranger	Andrew Watson	Page Turners	Level 12	2,600 	Advanced (E)	B2/C1	4.8-5.0	13,531		A	78	Y	8	F	Mystery / Romance	young learners / adult	978-1-4240-1840-6					2012		Y	
PCR1	Cengage / Heinle	Goldilocks and the Three Bears	Joanne Swan	Primary Classic Readers	Primary 1	150 	Beginner (M)	pre-A1	0.8	675		A	35	Y	1	F	Primary Classic Novels	Elementary to Junior high school		978-960-403-200-6				2004		Y	
PCR1	Cengage / Heinle	Jack and the Beanstalk	Jennifer Heath	Primary Classic Readers	Primary 1	150 	Beginner (M)	pre-A1	0.8	702		A	35	Y	1	F	Primary Classic Novels	Elementary to Junior high school		978-960-403-391-1				2007		Y	
PCR1	Cengage / Heinle	Little Red Riding Hood	Joanne Swan	Primary Classic Readers	Primary 1	150 	Beginner (M)	pre-A1	0.8	657		A	35	Y	1	F	Primary Classic Novels	Elementary to Junior high school		978-960-403-199-3				2004		Y	
PCR1	Cengage / Heinle	Three Little Pigs, The	Joanne Swan	Primary Classic Readers	Primary 1	150 	Beginner (M)	pre-A1	0.8	733		A	35	Y	1	F	Primary Classic Novels	Elementary to Junior high school		978-960-403-198-6				2004		Y	
PCR1	Cengage / Heinle	Ugly Duckling, The	Jennifer Heath	Primary Classic Readers	Primary 1	150 	Beginner (M)	pre-A1	0.8	869		A	35	Y	1	F	Primary Classic Novels	Elementary to Junior high school		978-960-403-390-4				2007		Y	
PCR2	Cengage / Heinle	Hansel and Gretel	Joanne Swan	Primary Classic Readers	Primary 2	250 	Beginner (H)	pre-A1	1.0	747		A	35	Y	1	F	Primary Classic Novels	Elementary to Junior high school		978-960-403-201-3				2004		Y	
PCR2	Cengage / Heinle	Puss in Boots	Jennifer Heath	Primary Classic Readers	Primary 2	250 	Beginner (H)	pre-A1	1.0	883		A	35	Y	1	F	Primary Classic Novels	Elementary to Junior high school		978-960-403-525-0				2007		Y	
PCR2	Cengage / Heinle	Sinbad the Sailor	Joanne Swan	Primary Classic Readers	Primary 2	250 	Beginner (H)	pre-A1	1.0	780		A	35	Y	1	F	Primary Classic Novels	Elementary to Junior high school		978-960-403-202-0				2004		Y	
PCR2	Cengage / Heinle	Sleeping Beauty	Jennifer Heath	Primary Classic Readers	Primary 2	250 	Beginner (H)	pre-A1	1.0	841		A	35	Y	1	F	Primary Classic Novels	Elementary to Junior high school		978-960-403-393-5				2006		Y	
PCR2	Cengage / Heinle	Snow White and the Seven Dwarfs	Joanne Swan	Primary Classic Readers	Primary 2	250 	Beginner (H)	pre-A1	1.0	898		A	35	Y	1	F	Primary Classic Novels	Elementary to Junior high school		978-960-403-203-7				2004		Y	
PCR3	Cengage / Heinle	Aladdin and the Lamp	Joanne Swan	Primary Classic Readers	Primary 3	350 	Elementary (E)	A1	1.2	909		A	35	Y	2	F	Primary Classic Novels	Elementary to Junior high school		978-960-403-195-5				2004		Y	
PCR3	Cengage / Heinle	Ali Baba and the Forty Thieves	Joanne Swan	Primary Classic Readers	Primary 3	350 	Elementary (E)	A1	1.2	1,053		A	35	Y	2	F	Primary Classic Novels	Elementary to Junior high school		978-960-403-394-2				2007		Y	
PCR3	Cengage / Heinle	Alice in Wonderland	Joanne Swan	Primary Classic Readers	Primary 3	350 	Elementary (E)	A1	1.2	955		A	35	Y	2	F	Primary Classic Novels	Elementary to Junior high school		978-960-403-196-2				2004		Y	
PCR3	Cengage / Heinle	Pinocchio	Joanne Swan	Primary Classic Readers	Primary 3	350 	Elementary (E)	A1	1.2	1,050		A	35	Y	2	F	Primary Classic Novels	Elementary to Junior high school		978-960-403-197-9				2004		Y	
PCR3	Cengage / Heinle	Three Spinners, The	Jennifer Heath	Primary Classic Readers	Primary 3	350 	Elementary (E)	A1	1.2	1,031		A	35	Y	2	F	Primary Classic Novels	Elementary to Junior high school		978-960-403-395-9				2006		Y	
SUMP	Cengage / Summertown	Meet me in Brazil 	Julie Woodward	Summertown Readers	Pre-intermediate	1,300 	Intermediate (H)	B1	3.6	13,943		A	60	N		F	Suspense	adult - business		978-0-462-09880-7				2009		Y	
SUMP	Cengage / Summertown	Room Service 	James Schofield	Summertown Readers	Pre-intermediate	1,300 	Intermediate (H)	B1	3.6	13,818		A	80	N		F	Comedy	adult - business		978-1-905992-08-9				2008		Y	
SUMP	Cengage / Summertown	Superstar 	Doug Campbell	Summertown Readers	Pre-intermediate	1,300 	Intermediate (H)	B1	3.6	15,135		A	68	N		F	Drama	adult - business		978-0-462-09876-0				2009		Y	
SUMI	Cengage / Summertown	Double Trouble 	James Schofield	Summertown Readers	Intermediate	1,900 	Upper Int. (M)	B2	4.5	19,048		A	60	N		F	Comedy	adult - business		978-0-462-09881-4				2009		Y	
SUMI	Cengage / Summertown	Peril in Venice 	James Schofield	Summertown Readers	Intermediate	1,900 	Upper Int. (M)	B2	4.5	17,324		A	92	N		F	Crime	adult - business		978-1-902741-91-8				2008		Y	
SUMI	Cengage / Summertown	Top Floor, The 	David Evans	Summertown Readers	Intermediate	1,900 	Upper Int. (M)	B2	4.5	15,406		A	52	N		F	Suspense	adult - business		978-0-462-09882-1				2009		Y	
SUMU	Cengage / Summertown	Awayday 	Chris Faram	Summertown Readers	Upper-intermediate	2,600 	Advanced (E)	C1	5.5	23,946		A	76	N		F	Drama	adult - business		978-0-462-09883-8				2009		Y	
SUMU	Cengage / Summertown	Ekaterina 	James Schofield	Summertown Readers	Upper-intermediate	2,600 	Advanced (E)	C1	5.5	31,145		A	92	N		F	Crime	adult - business		978-1-902741-92-5				2009		Y	
SUMU	Cengage / Summertown	Sink or Swim 	Andy Cowle	Summertown Readers	Upper-intermediate	2,600 	Advanced (E)	C1	5.5	20,720		A	68	N		F	Drama	adult - business		978-0-462-09884-5				2009		Y	
SPR1	Cengage	Super and the Princess	Lesley Slade, David Allan, Tessa Clark	Surprise! Primary Readers	Primary 1	250 	Beginner (H)	pre-A1	0.6	921		A	24	N		F	Narrative	Elementary to Junior high school	978-960-8136-20-5					2000		Y	
SPR1	Cengage	Super and Duper go for a Walk	Lesley Slade, David Allan, Tessa Clark	Surprise! Primary Readers	Primary 1	250 	Beginner (H)	pre-A1	0.6	555		A	24	N		F	Narrative	Elementary to Junior high school	978-960-403-047-7					2002		Y	
SPR2	Cengage	Duper and the Spy	Lesley Slade, David Allan, Tessa Clark	Surprise! Primary Readers	Primary 2	350 	Elementary (E)	A1	0.8	1,228		A	24	N		F	Narrative	Elementary to Junior high school	978-960-8136-19-9					2000		Y	
SPR2	Cengage	Super and Duper go to Ireland	Lesley Slade, David Allan, Tessa Clark	Surprise! Primary Readers	Primary 2	350 	Elementary (E)	A1	0.8	1,110		A	24	N		F	Narrative	Elementary to Junior high school	978-960-403-046-0					2002		Y	
THR1	Cengage / Heinle	Aladdin	David Allan, Tessa Clark	Theatrical Readers	Primary 1	250 	Beginner (H)	pre-A1	0.6	789		A	32	N		F	Primary Classic Novels	Elementary to Junior high school		978-960-403-605-9				2008		Y	
THR1	Cengage / Heinle	Emperor's New Clothes, The	David Allan, Tessa Clark	Theatrical Readers	Primary 1	250 	Beginner (H)	pre-A1	0.6	987		A	32	N		F	Primary Classic Novels	Elementary to Junior high school		978-960-8136-95-3				2002		Y	
THR2	Cengage / Heinle	Princess and the Pea, The	David Allan, Tessa Clark	Theatrical Readers	Primary 2	350 	Elementary (E)	A1	0.8	1,285		A	36	N		F	Primary Classic Novels	Elementary to Junior high school		978-960-8136-96-0				2002		Y	
THR3	Cengage / Heinle	Cinderella	David Allan, Tessa Clark	Theatrical Readers	Primary 3	350 	Elementary (E)	A1	0.8	1,168		A	36	N		F	Primary Classic Novels	Elementary to Junior high school		978-960-403-419-2				2008		Y	